take_name,split,task,label
cmu_bike01_2,train,Bike Repair,7
cmu_bike01_4,train,Bike Repair,7
cmu_bike01_5,train,Bike Repair,7
cmu_bike01_7,train,Bike Repair,7
cmu_bike02_2,train,Bike Repair,7
cmu_bike02_3,train,Bike Repair,7
cmu_bike02_4,train,Bike Repair,7
cmu_bike02_5,train,Bike Repair,7
cmu_bike02_6,train,Bike Repair,7
cmu_bike03_2,train,Bike Repair,7
cmu_bike03_3,train,Bike Repair,7
cmu_bike03_4,train,Bike Repair,7
cmu_bike03_5,train,Bike Repair,7
cmu_bike05_2,train,Bike Repair,7
cmu_bike05_4,train,Bike Repair,7
cmu_bike05_5,train,Bike Repair,7
cmu_bike05_6,train,Bike Repair,7
cmu_bike06_2,test,Bike Repair,7
cmu_bike06_4,test,Bike Repair,7
cmu_bike06_5,train,Bike Repair,7
cmu_bike08_2,test,Bike Repair,7
cmu_bike08_5,train,Bike Repair,7
cmu_bike08_6,train,Bike Repair,7
cmu_bike09_2,test,Bike Repair,7
cmu_bike09_4,test,Bike Repair,7
cmu_bike09_5,train,Bike Repair,7
cmu_bike09_6,train,Bike Repair,7
cmu_bike10_2,test,Bike Repair,7
cmu_bike10_3,test,Bike Repair,7
cmu_bike10_4,test,Bike Repair,7
cmu_bike10_5,train,Bike Repair,7
cmu_bike10_7,train,Bike Repair,7
cmu_bike12_2,train,Bike Repair,7
cmu_bike12_3,train,Bike Repair,7
cmu_bike12_4,train,Bike Repair,7
cmu_bike12_5,train,Bike Repair,7
cmu_bike13_2,train,Bike Repair,7
cmu_bike13_4,train,Bike Repair,7
cmu_bike13_5,train,Bike Repair,7
cmu_bike13_6,train,Bike Repair,7
cmu_bike14_2,train,Bike Repair,7
cmu_bike14_3,train,Bike Repair,7
cmu_bike14_4,train,Bike Repair,7
cmu_bike14_5,train,Bike Repair,7
cmu_bike15_2,train,Bike Repair,7
cmu_bike15_3,train,Bike Repair,7
cmu_bike15_4,train,Bike Repair,7
cmu_bike15_5,train,Bike Repair,7
cmu_bike16_2,train,Bike Repair,7
cmu_bike16_3,train,Bike Repair,7
cmu_bike16_4,train,Bike Repair,7
cmu_bike16_5,train,Bike Repair,7
cmu_bike17_2,train,Bike Repair,7
cmu_bike17_3,train,Bike Repair,7
cmu_bike17_4,train,Bike Repair,7
cmu_bike17_5,train,Bike Repair,7
cmu_bike18_2,train,Bike Repair,7
cmu_bike18_3,train,Bike Repair,7
cmu_bike18_5,train,Bike Repair,7
cmu_bike18_6,train,Bike Repair,7
cmu_bike19_2,train,Bike Repair,7
cmu_bike19_3,train,Bike Repair,7
cmu_bike19_4,train,Bike Repair,7
cmu_bike19_5,train,Bike Repair,7
cmu_bike20_2,train,Bike Repair,7
cmu_bike20_3,train,Bike Repair,7
cmu_bike20_4,train,Bike Repair,7
cmu_bike20_5,train,Bike Repair,7
cmu_bike21_2,train,Bike Repair,7
cmu_bike21_3,train,Bike Repair,7
cmu_bike21_4,train,Bike Repair,7
cmu_bike21_5,train,Bike Repair,7
cmu_soccer03_1,train,Soccer,5
cmu_soccer03_2,train,Soccer,5
cmu_soccer03_3,train,Soccer,5
cmu_soccer06_2,val,Soccer,5
cmu_soccer06_3,val,Soccer,5
cmu_soccer06_4,train,Soccer,5
cmu_soccer06_5,train,Soccer,5
cmu_soccer06_6,train,Soccer,5
cmu_soccer07_1,train,Soccer,5
cmu_soccer07_2,train,Soccer,5
cmu_soccer07_3,train,Soccer,5
cmu_soccer08_1,train,Soccer,5
cmu_soccer08_2,train,Soccer,5
cmu_soccer08_3,train,Soccer,5
cmu_soccer09_1,train,Soccer,5
cmu_soccer09_2,train,Soccer,5
cmu_soccer11_2,train,Soccer,5
cmu_soccer12_2,val,Soccer,5
cmu_soccer14_2,test,Soccer,5
cmu_soccer14_4,train,Soccer,5
cmu_soccer14_5,train,Soccer,5
cmu_soccer15_2,train,Soccer,5
cmu_soccer15_3,train,Soccer,5
cmu_soccer15_5,train,Soccer,5
cmu_soccer16_2,val,Soccer,5
cmu_soccer16_4,train,Soccer,5
cmu_soccer16_6,train,Soccer,5
fair_bike_01_10,train,Bike Repair,7
fair_bike_01_11,train,Bike Repair,7
fair_bike_01_12,train,Bike Repair,7
fair_bike_01_14,train,Bike Repair,7
fair_bike_01_15,train,Bike Repair,7
fair_bike_01_16,train,Bike Repair,7
fair_bike_01_2,train,Bike Repair,7
fair_bike_01_3,train,Bike Repair,7
fair_bike_01_4,train,Bike Repair,7
fair_bike_01_6,train,Bike Repair,7
fair_bike_01_7,train,Bike Repair,7
fair_bike_01_8,train,Bike Repair,7
fair_bike_02_10,train,Bike Repair,7
fair_bike_02_11,train,Bike Repair,7
fair_bike_02_12,train,Bike Repair,7
fair_bike_02_2,train,Bike Repair,7
fair_bike_02_3,train,Bike Repair,7
fair_bike_02_4,train,Bike Repair,7
fair_bike_02_6,train,Bike Repair,7
fair_bike_02_7,train,Bike Repair,7
fair_bike_02_8,train,Bike Repair,7
fair_bike_06_10,train,Bike Repair,7
fair_bike_06_11,train,Bike Repair,7
fair_bike_06_12,train,Bike Repair,7
fair_bike_06_14,train,Bike Repair,7
fair_bike_06_15,train,Bike Repair,7
fair_bike_06_16,train,Bike Repair,7
fair_bike_06_18,train,Bike Repair,7
fair_bike_06_19,train,Bike Repair,7
fair_bike_06_2,train,Bike Repair,7
fair_bike_06_20,train,Bike Repair,7
fair_bike_06_3,train,Bike Repair,7
fair_bike_06_4,train,Bike Repair,7
fair_bike_06_6,train,Bike Repair,7
fair_bike_06_7,train,Bike Repair,7
fair_bike_06_8,train,Bike Repair,7
fair_bike_07_10,train,Bike Repair,7
fair_bike_07_11,train,Bike Repair,7
fair_bike_07_12,train,Bike Repair,7
fair_bike_07_14,train,Bike Repair,7
fair_bike_07_15,train,Bike Repair,7
fair_bike_07_16,train,Bike Repair,7
fair_bike_07_18,train,Bike Repair,7
fair_bike_07_19,train,Bike Repair,7
fair_bike_07_2,train,Bike Repair,7
fair_bike_07_20,train,Bike Repair,7
fair_bike_07_3,train,Bike Repair,7
fair_bike_07_4,train,Bike Repair,7
fair_bike_07_6,train,Bike Repair,7
fair_bike_07_7,train,Bike Repair,7
fair_bike_07_8,train,Bike Repair,7
fair_bike_08_10,train,Bike Repair,7
fair_bike_08_12,train,Bike Repair,7
fair_bike_08_14,train,Bike Repair,7
fair_bike_08_16,train,Bike Repair,7
fair_bike_08_17,train,Bike Repair,7
fair_bike_08_18,train,Bike Repair,7
fair_bike_08_2,train,Bike Repair,7
fair_bike_08_4,train,Bike Repair,7
fair_bike_08_6,train,Bike Repair,7
fair_bike_08_8,train,Bike Repair,7
fair_bike_09_10,train,Bike Repair,7
fair_bike_09_2,train,Bike Repair,7
fair_bike_09_4,train,Bike Repair,7
fair_bike_09_6,train,Bike Repair,7
fair_bike_09_8,train,Bike Repair,7
fair_bike_10_10,train,Bike Repair,7
fair_bike_10_2,train,Bike Repair,7
fair_bike_10_4,train,Bike Repair,7
fair_bike_10_6,train,Bike Repair,7
fair_bike_10_8,train,Bike Repair,7
fair_cooking_05_2,train,Cooking,4
fair_cooking_05_4,train,Cooking,4
fair_cooking_05_6,train,Cooking,4
fair_cooking_06_2,train,Cooking,4
fair_cooking_06_4,train,Cooking,4
fair_cooking_06_6,train,Cooking,4
fair_cooking_07_2,train,Cooking,4
fair_cooking_07_4,train,Cooking,4
fair_cooking_08_10,train,Cooking,4
fair_cooking_08_2,train,Cooking,4
fair_cooking_08_4,train,Cooking,4
fair_cooking_08_6,train,Cooking,4
fair_cooking_08_8,train,Cooking,4
fair_cooking_09_2,test,Cooking,4
fair_cooking_09_4,test,Cooking,4
fair_cooking_09_6,test,Cooking,4
fair_cooking_09_8,test,Cooking,4
georgiatech_bike_01_10,train,Bike Repair,7
georgiatech_bike_01_11,train,Bike Repair,7
georgiatech_bike_01_2,train,Bike Repair,7
georgiatech_bike_01_4,train,Bike Repair,7
georgiatech_bike_01_6,train,Bike Repair,7
georgiatech_bike_01_8,train,Bike Repair,7
georgiatech_bike_02_11,train,Bike Repair,7
georgiatech_bike_02_2,train,Bike Repair,7
georgiatech_bike_02_4,train,Bike Repair,7
georgiatech_bike_02_6,train,Bike Repair,7
georgiatech_bike_02_8,train,Bike Repair,7
georgiatech_bike_02_9,train,Bike Repair,7
georgiatech_bike_03_10,train,Bike Repair,7
georgiatech_bike_03_11,train,Bike Repair,7
georgiatech_bike_03_12,train,Bike Repair,7
georgiatech_bike_03_2,train,Bike Repair,7
georgiatech_bike_03_3,train,Bike Repair,7
georgiatech_bike_03_5,train,Bike Repair,7
georgiatech_bike_04_10,train,Bike Repair,7
georgiatech_bike_04_12,train,Bike Repair,7
georgiatech_bike_04_2,train,Bike Repair,7
georgiatech_bike_04_4,train,Bike Repair,7
georgiatech_bike_04_6,train,Bike Repair,7
georgiatech_bike_04_8,train,Bike Repair,7
georgiatech_bike_05_13,train,Bike Repair,7
georgiatech_bike_05_2,train,Bike Repair,7
georgiatech_bike_05_4,train,Bike Repair,7
georgiatech_bike_05_6,train,Bike Repair,7
georgiatech_bike_05_7,train,Bike Repair,7
georgiatech_bike_05_9,train,Bike Repair,7
georgiatech_bike_06_10,val,Bike Repair,7
georgiatech_bike_06_12,val,Bike Repair,7
georgiatech_bike_06_2,val,Bike Repair,7
georgiatech_bike_06_4,val,Bike Repair,7
georgiatech_bike_06_6,val,Bike Repair,7
georgiatech_bike_06_8,val,Bike Repair,7
georgiatech_bike_07_10,val,Bike Repair,7
georgiatech_bike_07_12,val,Bike Repair,7
georgiatech_bike_07_2,val,Bike Repair,7
georgiatech_bike_07_4,val,Bike Repair,7
georgiatech_bike_07_6,val,Bike Repair,7
georgiatech_bike_07_8,val,Bike Repair,7
georgiatech_bike_08_10,train,Bike Repair,7
georgiatech_bike_08_12,train,Bike Repair,7
georgiatech_bike_08_14,train,Bike Repair,7
georgiatech_bike_08_2,train,Bike Repair,7
georgiatech_bike_08_4,train,Bike Repair,7
georgiatech_bike_08_6,train,Bike Repair,7
georgiatech_bike_08_8,train,Bike Repair,7
georgiatech_bike_09_11,train,Bike Repair,7
georgiatech_bike_09_2,train,Bike Repair,7
georgiatech_bike_09_4,train,Bike Repair,7
georgiatech_bike_09_6,train,Bike Repair,7
georgiatech_bike_09_8,train,Bike Repair,7
georgiatech_bike_09_9,train,Bike Repair,7
georgiatech_bike_10_10,test,Bike Repair,7
georgiatech_bike_10_12,test,Bike Repair,7
georgiatech_bike_10_2,test,Bike Repair,7
georgiatech_bike_10_4,test,Bike Repair,7
georgiatech_bike_10_6,test,Bike Repair,7
georgiatech_bike_10_8,test,Bike Repair,7
georgiatech_bike_11_2,train,Bike Repair,7
georgiatech_bike_11_4,train,Bike Repair,7
georgiatech_bike_11_5,train,Bike Repair,7
georgiatech_bike_11_7,train,Bike Repair,7
georgiatech_bike_11_8,train,Bike Repair,7
georgiatech_bike_11_9,train,Bike Repair,7
georgiatech_bike_12_10,test,Bike Repair,7
georgiatech_bike_12_12,test,Bike Repair,7
georgiatech_bike_12_2,test,Bike Repair,7
georgiatech_bike_12_4,test,Bike Repair,7
georgiatech_bike_12_6,test,Bike Repair,7
georgiatech_bike_12_8,test,Bike Repair,7
georgiatech_bike_13_11,test,Bike Repair,7
georgiatech_bike_13_2,test,Bike Repair,7
georgiatech_bike_13_3,test,Bike Repair,7
georgiatech_bike_13_5,test,Bike Repair,7
georgiatech_bike_13_7,test,Bike Repair,7
georgiatech_bike_13_9,test,Bike Repair,7
georgiatech_bike_14_10,val,Bike Repair,7
georgiatech_bike_14_12,val,Bike Repair,7
georgiatech_bike_14_2,val,Bike Repair,7
georgiatech_bike_14_6,val,Bike Repair,7
georgiatech_bike_14_8,val,Bike Repair,7
georgiatech_bike_15_10,val,Bike Repair,7
georgiatech_bike_15_12,val,Bike Repair,7
georgiatech_bike_15_2,val,Bike Repair,7
georgiatech_bike_15_4,val,Bike Repair,7
georgiatech_bike_15_6,val,Bike Repair,7
georgiatech_bike_15_8,val,Bike Repair,7
georgiatech_bike_16_10,val,Bike Repair,7
georgiatech_bike_16_12,val,Bike Repair,7
georgiatech_bike_16_14,val,Bike Repair,7
georgiatech_bike_16_2,val,Bike Repair,7
georgiatech_bike_16_6,val,Bike Repair,7
georgiatech_bike_16_8,val,Bike Repair,7
georgiatech_bike_18_10,train,Bike Repair,7
georgiatech_bike_18_12,train,Bike Repair,7
georgiatech_bike_18_15,train,Bike Repair,7
georgiatech_bike_18_2,train,Bike Repair,7
georgiatech_bike_18_4,train,Bike Repair,7
georgiatech_bike_18_6,train,Bike Repair,7
georgiatech_bike_18_8,train,Bike Repair,7
georgiatech_bike_19_10,train,Bike Repair,7
georgiatech_bike_19_12,train,Bike Repair,7
georgiatech_bike_19_2,train,Bike Repair,7
georgiatech_bike_19_4,train,Bike Repair,7
georgiatech_bike_19_6,train,Bike Repair,7
georgiatech_bike_19_8,train,Bike Repair,7
georgiatech_cooking_01_01_2,train,Cooking,4
georgiatech_cooking_01_01_4,train,Cooking,4
georgiatech_cooking_01_02_2,train,Cooking,4
georgiatech_cooking_01_02_4,train,Cooking,4
georgiatech_cooking_01_03_2,train,Cooking,4
georgiatech_cooking_01_03_4,train,Cooking,4
georgiatech_cooking_02_01_2,val,Cooking,4
georgiatech_cooking_02_01_4,val,Cooking,4
georgiatech_cooking_02_01_6,val,Cooking,4
georgiatech_cooking_02_02_2,val,Cooking,4
georgiatech_cooking_02_02_4,val,Cooking,4
georgiatech_cooking_02_02_6,val,Cooking,4
georgiatech_cooking_03_01_2,test,Cooking,4
georgiatech_cooking_03_01_4,test,Cooking,4
georgiatech_cooking_03_01_6,test,Cooking,4
georgiatech_cooking_03_02_2,test,Cooking,4
georgiatech_cooking_03_02_4,test,Cooking,4
georgiatech_cooking_03_03_2,test,Cooking,4
georgiatech_cooking_03_03_4,test,Cooking,4
georgiatech_cooking_03_04_2,test,Cooking,4
georgiatech_cooking_03_04_6,test,Cooking,4
georgiatech_cooking_03_05_2,test,Cooking,4
georgiatech_cooking_03_05_4,test,Cooking,4
georgiatech_cooking_04_01_2,train,Cooking,4
georgiatech_cooking_04_02_2,train,Cooking,4
georgiatech_cooking_04_02_4,train,Cooking,4
georgiatech_cooking_04_03_2,train,Cooking,4
georgiatech_cooking_05_01_2,test,Cooking,4
georgiatech_cooking_05_01_5,test,Cooking,4
georgiatech_cooking_06_01_2,val,Cooking,4
georgiatech_cooking_06_01_5,val,Cooking,4
georgiatech_cooking_06_02_2,val,Cooking,4
georgiatech_cooking_06_02_4,val,Cooking,4
georgiatech_cooking_06_03_2,val,Cooking,4
georgiatech_cooking_07_03_2,train,Cooking,4
georgiatech_cooking_08_01_2,test,Cooking,4
georgiatech_cooking_08_01_4,test,Cooking,4
georgiatech_cooking_08_02_2,test,Cooking,4
georgiatech_cooking_08_02_4,test,Cooking,4
georgiatech_cooking_09_01_3,train,Cooking,4
georgiatech_cooking_09_01_6,train,Cooking,4
georgiatech_cooking_09_02_2,train,Cooking,4
georgiatech_cooking_09_02_4,train,Cooking,4
georgiatech_cooking_10_01_2,train,Cooking,4
georgiatech_cooking_10_01_6,train,Cooking,4
georgiatech_cooking_10_02_2,train,Cooking,4
georgiatech_cooking_10_02_4,train,Cooking,4
georgiatech_cooking_11_01_4,train,Cooking,4
georgiatech_cooking_11_01_6,train,Cooking,4
georgiatech_cooking_11_02_3,train,Cooking,4
georgiatech_cooking_11_02_6,train,Cooking,4
georgiatech_cooking_12_01_2,test,Cooking,4
georgiatech_cooking_12_01_4,test,Cooking,4
georgiatech_cooking_12_02_2,test,Cooking,4
georgiatech_cooking_12_02_4,test,Cooking,4
georgiatech_cooking_13_01_2,val,Cooking,4
georgiatech_cooking_13_02_2,val,Cooking,4
georgiatech_cooking_13_02_4,val,Cooking,4
georgiatech_cooking_14_01_2,train,Cooking,4
georgiatech_cooking_14_01_6,train,Cooking,4
georgiatech_cooking_14_02_2,train,Cooking,4
georgiatech_cooking_14_02_5,train,Cooking,4
georgiatech_cooking_14_02_7,train,Cooking,4
georgiatech_cooking_14_03_2,train,Cooking,4
georgiatech_covid_02_10,val,Health,0
georgiatech_covid_02_12,val,Health,0
georgiatech_covid_02_14,val,Health,0
georgiatech_covid_02_2,val,Health,0
georgiatech_covid_02_4,val,Health,0
georgiatech_covid_02_6,val,Health,0
georgiatech_covid_02_8,val,Health,0
georgiatech_covid_03_10,train,Health,0
georgiatech_covid_03_12,train,Health,0
georgiatech_covid_03_14,train,Health,0
georgiatech_covid_03_2,train,Health,0
georgiatech_covid_03_4,train,Health,0
georgiatech_covid_03_6,train,Health,0
georgiatech_covid_03_8,train,Health,0
georgiatech_covid_04_10,val,Health,0
georgiatech_covid_04_12,val,Health,0
georgiatech_covid_04_14,val,Health,0
georgiatech_covid_04_2,val,Health,0
georgiatech_covid_04_4,val,Health,0
georgiatech_covid_04_6,val,Health,0
georgiatech_covid_04_8,val,Health,0
georgiatech_covid_05_10,train,Health,0
georgiatech_covid_05_12,train,Health,0
georgiatech_covid_05_2,train,Health,0
georgiatech_covid_05_4,train,Health,0
georgiatech_covid_05_6,train,Health,0
georgiatech_covid_05_8,train,Health,0
georgiatech_covid_06_10,val,Health,0
georgiatech_covid_06_12,val,Health,0
georgiatech_covid_06_14,val,Health,0
georgiatech_covid_06_2,val,Health,0
georgiatech_covid_06_4,val,Health,0
georgiatech_covid_06_8,val,Health,0
georgiatech_covid_07_10,train,Health,0
georgiatech_covid_07_12,train,Health,0
georgiatech_covid_07_2,train,Health,0
georgiatech_covid_07_4,train,Health,0
georgiatech_covid_07_6,train,Health,0
georgiatech_covid_07_8,train,Health,0
georgiatech_covid_08_10,test,Health,0
georgiatech_covid_08_12,test,Health,0
georgiatech_covid_08_2,test,Health,0
georgiatech_covid_08_4,test,Health,0
georgiatech_covid_08_6,test,Health,0
georgiatech_covid_08_8,test,Health,0
georgiatech_covid_09_10,train,Health,0
georgiatech_covid_09_12,train,Health,0
georgiatech_covid_09_2,train,Health,0
georgiatech_covid_09_4,train,Health,0
georgiatech_covid_09_6,train,Health,0
georgiatech_covid_09_8,train,Health,0
georgiatech_covid_11_11,test,Health,0
georgiatech_covid_11_13,test,Health,0
georgiatech_covid_11_2,test,Health,0
georgiatech_covid_11_4,test,Health,0
georgiatech_covid_11_7,test,Health,0
georgiatech_covid_11_9,test,Health,0
georgiatech_covid_12_11,train,Health,0
georgiatech_covid_12_13,train,Health,0
georgiatech_covid_12_3,train,Health,0
georgiatech_covid_12_5,train,Health,0
georgiatech_covid_12_7,train,Health,0
georgiatech_covid_12_9,train,Health,0
georgiatech_covid_13_10,train,Health,0
georgiatech_covid_13_2,train,Health,0
georgiatech_covid_13_4,train,Health,0
georgiatech_covid_13_6,train,Health,0
georgiatech_covid_13_8,train,Health,0
georgiatech_covid_14_10,train,Health,0
georgiatech_covid_14_12,train,Health,0
georgiatech_covid_14_4,train,Health,0
georgiatech_covid_14_6,train,Health,0
georgiatech_covid_14_7,train,Health,0
georgiatech_covid_14_8,train,Health,0
georgiatech_covid_15_10,test,Health,0
georgiatech_covid_15_2,test,Health,0
georgiatech_covid_15_4,test,Health,0
georgiatech_covid_15_6,test,Health,0
georgiatech_covid_15_8,test,Health,0
georgiatech_covid_16_10,train,Health,0
georgiatech_covid_16_12,train,Health,0
georgiatech_covid_16_2,train,Health,0
georgiatech_covid_16_4,train,Health,0
georgiatech_covid_16_6,train,Health,0
georgiatech_covid_16_8,train,Health,0
georgiatech_covid_17_11,test,Health,0
georgiatech_covid_17_12,test,Health,0
georgiatech_covid_17_13,test,Health,0
georgiatech_covid_17_2,test,Health,0
georgiatech_covid_17_5,test,Health,0
georgiatech_covid_17_6,test,Health,0
georgiatech_covid_17_7,test,Health,0
georgiatech_covid_17_9,test,Health,0
georgiatech_covid_18_10,val,Health,0
georgiatech_covid_18_12,val,Health,0
georgiatech_covid_18_2,val,Health,0
georgiatech_covid_18_4,val,Health,0
georgiatech_covid_18_6,val,Health,0
georgiatech_covid_18_8,val,Health,0
iiith_cooking_01_1,train,Cooking,4
iiith_cooking_02_1,train,Cooking,4
iiith_cooking_02_3,train,Cooking,4
iiith_cooking_03_1,train,Cooking,4
iiith_cooking_03_3,train,Cooking,4
iiith_cooking_04_1,train,Cooking,4
iiith_cooking_05_1,train,Cooking,4
iiith_cooking_05_3,train,Cooking,4
iiith_cooking_05_5,train,Cooking,4
iiith_cooking_06_1,train,Cooking,4
iiith_cooking_07_1,train,Cooking,4
iiith_cooking_08_1,train,Cooking,4
iiith_cooking_09_1,train,Cooking,4
iiith_cooking_100_2,train,Cooking,4
iiith_cooking_100_4,train,Cooking,4
iiith_cooking_103_2,test,Cooking,4
iiith_cooking_103_4,test,Cooking,4
iiith_cooking_103_6,test,Cooking,4
iiith_cooking_104_2,test,Cooking,4
iiith_cooking_104_4,test,Cooking,4
iiith_cooking_106_2,test,Cooking,4
iiith_cooking_106_4,test,Cooking,4
iiith_cooking_107_2,test,Cooking,4
iiith_cooking_107_4,test,Cooking,4
iiith_cooking_108_2,train,Cooking,4
iiith_cooking_108_4,train,Cooking,4
iiith_cooking_108_5,train,Cooking,4
iiith_cooking_109_2,train,Cooking,4
iiith_cooking_109_4,train,Cooking,4
iiith_cooking_109_5,train,Cooking,4
iiith_cooking_10_1,train,Cooking,4
iiith_cooking_110_2,train,Cooking,4
iiith_cooking_110_4,train,Cooking,4
iiith_cooking_111_2,train,Cooking,4
iiith_cooking_111_4,train,Cooking,4
iiith_cooking_111_5,train,Cooking,4
iiith_cooking_112_2,train,Cooking,4
iiith_cooking_112_3,train,Cooking,4
iiith_cooking_112_4,train,Cooking,4
iiith_cooking_113_2,test,Cooking,4
iiith_cooking_113_3,test,Cooking,4
iiith_cooking_113_5,test,Cooking,4
iiith_cooking_115_2,train,Cooking,4
iiith_cooking_115_3,train,Cooking,4
iiith_cooking_115_5,train,Cooking,4
iiith_cooking_116_2,train,Cooking,4
iiith_cooking_116_4,train,Cooking,4
iiith_cooking_116_5,train,Cooking,4
iiith_cooking_117_2,train,Cooking,4
iiith_cooking_117_4,train,Cooking,4
iiith_cooking_118_2,train,Cooking,4
iiith_cooking_11_1,train,Cooking,4
iiith_cooking_120_2,val,Cooking,4
iiith_cooking_120_4,val,Cooking,4
iiith_cooking_120_6,val,Cooking,4
iiith_cooking_122_2,train,Cooking,4
iiith_cooking_122_4,train,Cooking,4
iiith_cooking_123_2,train,Cooking,4
iiith_cooking_123_4,train,Cooking,4
iiith_cooking_123_6,train,Cooking,4
iiith_cooking_124_2,train,Cooking,4
iiith_cooking_124_4,train,Cooking,4
iiith_cooking_124_5,train,Cooking,4
iiith_cooking_125_2,val,Cooking,4
iiith_cooking_125_3,val,Cooking,4
iiith_cooking_125_4,val,Cooking,4
iiith_cooking_126_2,val,Cooking,4
iiith_cooking_126_3,val,Cooking,4
iiith_cooking_128_2,train,Cooking,4
iiith_cooking_128_4,train,Cooking,4
iiith_cooking_129_2,test,Cooking,4
iiith_cooking_129_3,test,Cooking,4
iiith_cooking_12_1,train,Cooking,4
iiith_cooking_130_2,train,Cooking,4
iiith_cooking_130_4,train,Cooking,4
iiith_cooking_131_2,train,Cooking,4
iiith_cooking_131_4,train,Cooking,4
iiith_cooking_132_2,train,Cooking,4
iiith_cooking_132_4,train,Cooking,4
iiith_cooking_134_2,train,Cooking,4
iiith_cooking_135_2,train,Cooking,4
iiith_cooking_136_2,train,Cooking,4
iiith_cooking_137_2,val,Cooking,4
iiith_cooking_138_2,val,Cooking,4
iiith_cooking_13_1,train,Cooking,4
iiith_cooking_141_2,train,Cooking,4
iiith_cooking_142_2,train,Cooking,4
iiith_cooking_142_4,train,Cooking,4
iiith_cooking_143_2,train,Cooking,4
iiith_cooking_145_2,val,Cooking,4
iiith_cooking_146_2,train,Cooking,4
iiith_cooking_147_2,train,Cooking,4
iiith_cooking_148_2,train,Cooking,4
iiith_cooking_149_2,train,Cooking,4
iiith_cooking_14_1,train,Cooking,4
iiith_cooking_15_1,train,Cooking,4
iiith_cooking_16_1,train,Cooking,4
iiith_cooking_17_1,train,Cooking,4
iiith_cooking_18_1,train,Cooking,4
iiith_cooking_19_1,train,Cooking,4
iiith_cooking_20_1,train,Cooking,4
iiith_cooking_22_1,train,Cooking,4
iiith_cooking_23_1,train,Cooking,4
iiith_cooking_24_1,train,Cooking,4
iiith_cooking_25_1,train,Cooking,4
iiith_cooking_25_3,train,Cooking,4
iiith_cooking_26_1,train,Cooking,4
iiith_cooking_27_1,train,Cooking,4
iiith_cooking_27_3,train,Cooking,4
iiith_cooking_28_1,train,Cooking,4
iiith_cooking_29_1,val,Cooking,4
iiith_cooking_29_3,val,Cooking,4
iiith_cooking_30_1,val,Cooking,4
iiith_cooking_31_1,val,Cooking,4
iiith_cooking_31_3,val,Cooking,4
iiith_cooking_32_1,val,Cooking,4
iiith_cooking_33_1,test,Cooking,4
iiith_cooking_34_1,test,Cooking,4
iiith_cooking_35_1,test,Cooking,4
iiith_cooking_36_1,test,Cooking,4
iiith_cooking_37_1,test,Cooking,4
iiith_cooking_37_3,test,Cooking,4
iiith_cooking_38_1,test,Cooking,4
iiith_cooking_39_1,test,Cooking,4
iiith_cooking_39_3,test,Cooking,4
iiith_cooking_40_1,train,Cooking,4
iiith_cooking_41_1,train,Cooking,4
iiith_cooking_41_3,train,Cooking,4
iiith_cooking_42_1,train,Cooking,4
iiith_cooking_43_1,train,Cooking,4
iiith_cooking_43_3,train,Cooking,4
iiith_cooking_44_1,train,Cooking,4
iiith_cooking_45_1,train,Cooking,4
iiith_cooking_45_3,train,Cooking,4
iiith_cooking_46_2,test,Cooking,4
iiith_cooking_47_2,test,Cooking,4
iiith_cooking_48_2,test,Cooking,4
iiith_cooking_49_2,test,Cooking,4
iiith_cooking_50_2,test,Cooking,4
iiith_cooking_50_4,test,Cooking,4
iiith_cooking_52_2,test,Cooking,4
iiith_cooking_52_4,test,Cooking,4
iiith_cooking_53_2,test,Cooking,4
iiith_cooking_54_2,test,Cooking,4
iiith_cooking_54_4,test,Cooking,4
iiith_cooking_55_2,val,Cooking,4
iiith_cooking_56_2,train,Cooking,4
iiith_cooking_57_2,train,Cooking,4
iiith_cooking_57_4,train,Cooking,4
iiith_cooking_58_2,val,Cooking,4
iiith_cooking_58_4,val,Cooking,4
iiith_cooking_59_2,val,Cooking,4
iiith_cooking_60_2,val,Cooking,4
iiith_cooking_60_4,val,Cooking,4
iiith_cooking_61_2,test,Cooking,4
iiith_cooking_61_4,test,Cooking,4
iiith_cooking_61_6,test,Cooking,4
iiith_cooking_62_2,test,Cooking,4
iiith_cooking_62_4,test,Cooking,4
iiith_cooking_62_6,test,Cooking,4
iiith_cooking_63_2,test,Cooking,4
iiith_cooking_63_4,test,Cooking,4
iiith_cooking_63_6,test,Cooking,4
iiith_cooking_64_2,val,Cooking,4
iiith_cooking_65_2,val,Cooking,4
iiith_cooking_65_4,val,Cooking,4
iiith_cooking_66_2,test,Cooking,4
iiith_cooking_66_4,test,Cooking,4
iiith_cooking_66_6,test,Cooking,4
iiith_cooking_67_2,test,Cooking,4
iiith_cooking_67_4,test,Cooking,4
iiith_cooking_67_6,test,Cooking,4
iiith_cooking_68_2,test,Cooking,4
iiith_cooking_68_4,test,Cooking,4
iiith_cooking_68_6,test,Cooking,4
iiith_cooking_69_2,test,Cooking,4
iiith_cooking_69_4,test,Cooking,4
iiith_cooking_69_6,test,Cooking,4
iiith_cooking_70_2,test,Cooking,4
iiith_cooking_70_4,test,Cooking,4
iiith_cooking_70_6,test,Cooking,4
iiith_cooking_71_2,train,Cooking,4
iiith_cooking_71_4,train,Cooking,4
iiith_cooking_71_6,train,Cooking,4
iiith_cooking_72_2,train,Cooking,4
iiith_cooking_72_4,train,Cooking,4
iiith_cooking_72_6,train,Cooking,4
iiith_cooking_74_2,train,Cooking,4
iiith_cooking_74_4,train,Cooking,4
iiith_cooking_74_6,train,Cooking,4
iiith_cooking_75_2,train,Cooking,4
iiith_cooking_76_2,train,Cooking,4
iiith_cooking_76_4,train,Cooking,4
iiith_cooking_77_2,train,Cooking,4
iiith_cooking_78_2,train,Cooking,4
iiith_cooking_79_2,train,Cooking,4
iiith_cooking_80_2,train,Cooking,4
iiith_cooking_81_2,train,Cooking,4
iiith_cooking_82_2,train,Cooking,4
iiith_cooking_84_2,train,Cooking,4
iiith_cooking_84_4,train,Cooking,4
iiith_cooking_85_2,train,Cooking,4
iiith_cooking_87_2,train,Cooking,4
iiith_cooking_87_4,train,Cooking,4
iiith_cooking_87_6,train,Cooking,4
iiith_cooking_89_2,val,Cooking,4
iiith_cooking_89_4,val,Cooking,4
iiith_cooking_89_6,val,Cooking,4
iiith_cooking_90_2,val,Cooking,4
iiith_cooking_90_4,val,Cooking,4
iiith_cooking_91_2,train,Cooking,4
iiith_cooking_92_2,train,Cooking,4
iiith_cooking_93_2,train,Cooking,4
iiith_cooking_93_4,train,Cooking,4
iiith_cooking_93_6,train,Cooking,4
iiith_cooking_96_2,train,Cooking,4
iiith_cooking_97_2,train,Cooking,4
iiith_cooking_98_2,train,Cooking,4
iiith_cooking_98_5,train,Cooking,4
iiith_cooking_98_7,train,Cooking,4
iiith_cooking_99_2,train,Cooking,4
iiith_cooking_99_4,train,Cooking,4
iiith_guitar_002_10,train,Music,6
iiith_guitar_002_2,train,Music,6
iiith_guitar_002_4,train,Music,6
iiith_guitar_002_6,train,Music,6
iiith_guitar_002_8,train,Music,6
iiith_piano_001_2,train,Music,6
iiith_piano_001_4,train,Music,6
iiith_piano_001_6,train,Music,6
iiith_piano_001_8,train,Music,6
iiith_piano_002_2,train,Music,6
iiith_piano_002_5,train,Music,6
iiith_piano_002_7,train,Music,6
iiith_piano_003_2,test,Music,6
iiith_piano_003_4,test,Music,6
iiith_piano_003_6,test,Music,6
iiith_piano_003_7,test,Music,6
iiith_soccer_001_2,test,Soccer,5
iiith_soccer_001_4,test,Soccer,5
iiith_soccer_001_6,test,Soccer,5
iiith_soccer_002_2,val,Soccer,5
iiith_soccer_002_4,val,Soccer,5
iiith_soccer_002_6,val,Soccer,5
iiith_soccer_004_2,train,Soccer,5
iiith_soccer_004_3,train,Soccer,5
iiith_soccer_004_5,train,Soccer,5
iiith_soccer_006_2,train,Soccer,5
iiith_soccer_006_3,train,Soccer,5
iiith_soccer_006_4,train,Soccer,5
iiith_soccer_008_2,test,Soccer,5
iiith_soccer_008_5,test,Soccer,5
iiith_soccer_008_7,test,Soccer,5
iiith_soccer_013_2,train,Soccer,5
iiith_soccer_014_3,train,Soccer,5
iiith_soccer_014_5,train,Soccer,5
iiith_soccer_014_6,train,Soccer,5
iiith_soccer_015_2,val,Soccer,5
iiith_soccer_016_2,train,Soccer,5
iiith_soccer_016_4,train,Soccer,5
iiith_soccer_019_2,train,Soccer,5
iiith_soccer_020_2,train,Soccer,5
iiith_soccer_020_3,train,Soccer,5
iiith_soccer_020_6,train,Soccer,5
iiith_soccer_020_8,train,Soccer,5
iiith_soccer_021_2,train,Soccer,5
iiith_soccer_021_3,train,Soccer,5
iiith_soccer_021_4,train,Soccer,5
iiith_soccer_022_2,test,Soccer,5
iiith_soccer_022_3,test,Soccer,5
iiith_soccer_022_4,test,Soccer,5
iiith_soccer_023_2,train,Soccer,5
iiith_soccer_025_2,test,Soccer,5
iiith_soccer_025_4,test,Soccer,5
iiith_soccer_025_6,test,Soccer,5
iiith_soccer_026_2,test,Soccer,5
iiith_soccer_026_4,test,Soccer,5
iiith_soccer_026_6,test,Soccer,5
iiith_soccer_027_2,train,Soccer,5
iiith_soccer_027_4,train,Soccer,5
iiith_soccer_027_6,train,Soccer,5
iiith_soccer_028_2,train,Soccer,5
iiith_soccer_028_4,train,Soccer,5
iiith_soccer_028_6,train,Soccer,5
iiith_soccer_029_2,train,Soccer,5
iiith_soccer_029_3,train,Soccer,5
iiith_soccer_029_5,train,Soccer,5
iiith_soccer_030_2,train,Soccer,5
iiith_soccer_030_4,train,Soccer,5
iiith_soccer_030_6,train,Soccer,5
iiith_soccer_031_2,val,Soccer,5
iiith_soccer_031_4,val,Soccer,5
iiith_soccer_031_6,val,Soccer,5
iiith_soccer_032_2,train,Soccer,5
iiith_soccer_032_4,train,Soccer,5
iiith_soccer_032_6,train,Soccer,5
iiith_soccer_033_2,train,Soccer,5
iiith_soccer_033_4,train,Soccer,5
iiith_soccer_033_6,train,Soccer,5
iiith_soccer_034_2,train,Soccer,5
iiith_soccer_034_4,train,Soccer,5
iiith_soccer_034_6,train,Soccer,5
iiith_soccer_035_2,train,Soccer,5
iiith_soccer_035_3,train,Soccer,5
iiith_soccer_035_5,train,Soccer,5
iiith_soccer_036_2,train,Soccer,5
iiith_soccer_036_3,train,Soccer,5
iiith_soccer_036_4,train,Soccer,5
iiith_soccer_039_2,train,Soccer,5
iiith_soccer_039_4,train,Soccer,5
iiith_soccer_039_6,train,Soccer,5
iiith_soccer_040_2,val,Soccer,5
iiith_soccer_040_4,val,Soccer,5
iiith_soccer_040_6,val,Soccer,5
iiith_soccer_041_2,train,Soccer,5
iiith_soccer_041_4,train,Soccer,5
iiith_soccer_041_6,train,Soccer,5
iiith_soccer_042_2,train,Soccer,5
iiith_soccer_042_4,train,Soccer,5
iiith_soccer_042_6,train,Soccer,5
iiith_soccer_043_2,test,Soccer,5
iiith_soccer_043_4,test,Soccer,5
iiith_soccer_043_6,test,Soccer,5
iiith_soccer_043_8,test,Soccer,5
iiith_soccer_044_2,val,Soccer,5
iiith_soccer_044_4,val,Soccer,5
iiith_soccer_044_6,val,Soccer,5
iiith_soccer_045_2,test,Soccer,5
iiith_soccer_045_4,test,Soccer,5
iiith_soccer_045_6,test,Soccer,5
iiith_soccer_046_2,train,Soccer,5
iiith_soccer_046_4,train,Soccer,5
iiith_soccer_046_6,train,Soccer,5
iiith_soccer_047_2,test,Soccer,5
iiith_soccer_047_4,test,Soccer,5
iiith_soccer_047_6,test,Soccer,5
iiith_soccer_048_2,train,Soccer,5
iiith_soccer_048_4,train,Soccer,5
iiith_soccer_048_6,train,Soccer,5
iiith_soccer_049_2,train,Soccer,5
iiith_soccer_049_4,train,Soccer,5
iiith_soccer_049_6,train,Soccer,5
iiith_soccer_051_2,train,Soccer,5
iiith_soccer_051_4,train,Soccer,5
iiith_soccer_052_2,train,Soccer,5
iiith_soccer_052_4,train,Soccer,5
iiith_soccer_052_6,train,Soccer,5
iiith_soccer_053_2,train,Soccer,5
iiith_soccer_053_4,train,Soccer,5
iiith_soccer_053_6,train,Soccer,5
iiith_soccer_057_2,train,Soccer,5
iiith_soccer_057_4,train,Soccer,5
iiith_soccer_059_2,val,Soccer,5
iiith_soccer_059_4,val,Soccer,5
iiith_soccer_060_2,train,Soccer,5
iiith_soccer_060_4,train,Soccer,5
iiith_soccer_060_6,train,Soccer,5
iiith_soccer_061_2,train,Soccer,5
iiith_soccer_061_4,train,Soccer,5
iiith_soccer_061_6,train,Soccer,5
indiana_bike_01_1,test,Bike Repair,7
indiana_bike_01_2,test,Bike Repair,7
indiana_bike_02_1,train,Bike Repair,7
indiana_bike_02_2,train,Bike Repair,7
indiana_bike_02_3,train,Bike Repair,7
indiana_bike_03_1,train,Bike Repair,7
indiana_bike_04_2,train,Bike Repair,7
indiana_bike_04_3,train,Bike Repair,7
indiana_bike_04_4,train,Bike Repair,7
indiana_bike_04_5,train,Bike Repair,7
indiana_bike_04_7,train,Bike Repair,7
indiana_bike_04_8,train,Bike Repair,7
indiana_bike_04_9,train,Bike Repair,7
indiana_bike_05_10,test,Bike Repair,7
indiana_bike_05_11,test,Bike Repair,7
indiana_bike_05_2,test,Bike Repair,7
indiana_bike_05_3,test,Bike Repair,7
indiana_bike_05_4,test,Bike Repair,7
indiana_bike_05_5,test,Bike Repair,7
indiana_bike_05_7,test,Bike Repair,7
indiana_bike_06_10,train,Bike Repair,7
indiana_bike_06_11,train,Bike Repair,7
indiana_bike_06_2,train,Bike Repair,7
indiana_bike_06_3,train,Bike Repair,7
indiana_bike_06_4,train,Bike Repair,7
indiana_bike_06_5,train,Bike Repair,7
indiana_bike_06_7,train,Bike Repair,7
indiana_bike_06_8,train,Bike Repair,7
indiana_bike_06_9,train,Bike Repair,7
indiana_bike_08_10,test,Bike Repair,7
indiana_bike_08_2,test,Bike Repair,7
indiana_bike_08_3,test,Bike Repair,7
indiana_bike_08_4,test,Bike Repair,7
indiana_bike_08_5,test,Bike Repair,7
indiana_bike_08_7,test,Bike Repair,7
indiana_bike_08_8,test,Bike Repair,7
indiana_bike_09_10,val,Bike Repair,7
indiana_bike_09_12,val,Bike Repair,7
indiana_bike_09_13,val,Bike Repair,7
indiana_bike_09_14,train,Bike Repair,7
indiana_bike_09_4,val,Bike Repair,7
indiana_bike_09_5,val,Bike Repair,7
indiana_bike_09_6,val,Bike Repair,7
indiana_bike_09_7,val,Bike Repair,7
indiana_bike_09_8,val,Bike Repair,7
indiana_bike_09_9,val,Bike Repair,7
indiana_bike_10_11,val,Bike Repair,7
indiana_bike_10_12,val,Bike Repair,7
indiana_bike_10_13,val,Bike Repair,7
indiana_bike_10_14,val,Bike Repair,7
indiana_bike_10_2,val,Bike Repair,7
indiana_bike_10_3,val,Bike Repair,7
indiana_bike_10_4,val,Bike Repair,7
indiana_bike_10_6,val,Bike Repair,7
indiana_bike_10_7,val,Bike Repair,7
indiana_bike_10_8,val,Bike Repair,7
indiana_bike_10_9,val,Bike Repair,7
indiana_bike_11_11,test,Bike Repair,7
indiana_bike_11_12,test,Bike Repair,7
indiana_bike_11_13,test,Bike Repair,7
indiana_bike_11_14,test,Bike Repair,7
indiana_bike_11_2,test,Bike Repair,7
indiana_bike_11_3,test,Bike Repair,7
indiana_bike_11_4,test,Bike Repair,7
indiana_bike_11_6,test,Bike Repair,7
indiana_bike_11_7,test,Bike Repair,7
indiana_bike_11_8,test,Bike Repair,7
indiana_bike_11_9,test,Bike Repair,7
indiana_bike_12_10,train,Bike Repair,7
indiana_bike_12_11,train,Bike Repair,7
indiana_bike_12_13,train,Bike Repair,7
indiana_bike_12_14,train,Bike Repair,7
indiana_bike_12_15,train,Bike Repair,7
indiana_bike_12_16,train,Bike Repair,7
indiana_bike_12_3,train,Bike Repair,7
indiana_bike_12_4,train,Bike Repair,7
indiana_bike_12_5,train,Bike Repair,7
indiana_bike_12_6,test,Bike Repair,7
indiana_bike_12_7,train,Bike Repair,7
indiana_bike_12_9,train,Bike Repair,7
indiana_bike_13_10,train,Bike Repair,7
indiana_bike_13_12,train,Bike Repair,7
indiana_bike_13_13,train,Bike Repair,7
indiana_bike_13_14,train,Bike Repair,7
indiana_bike_13_2,train,Bike Repair,7
indiana_bike_13_3,train,Bike Repair,7
indiana_bike_13_4,train,Bike Repair,7
indiana_bike_13_5,train,Bike Repair,7
indiana_bike_13_7,train,Bike Repair,7
indiana_bike_13_8,train,Bike Repair,7
indiana_bike_13_9,train,Bike Repair,7
indiana_bike_14_2,test,Bike Repair,7
indiana_bike_14_4,test,Bike Repair,7
indiana_bike_14_6,test,Bike Repair,7
indiana_bike_14_8,test,Bike Repair,7
indiana_bike_15_10,test,Bike Repair,7
indiana_bike_15_12,test,Bike Repair,7
indiana_bike_15_14,test,Bike Repair,7
indiana_bike_15_16,test,Bike Repair,7
indiana_bike_15_18,train,Bike Repair,7
indiana_bike_15_2,train,Bike Repair,7
indiana_bike_15_20,train,Bike Repair,7
indiana_bike_15_22,train,Bike Repair,7
indiana_bike_15_24,train,Bike Repair,7
indiana_bike_15_4,train,Bike Repair,7
indiana_bike_15_6,train,Bike Repair,7
indiana_bike_15_8,train,Bike Repair,7
indiana_cooking_01_2,train,Cooking,4
indiana_cooking_01_3,train,Cooking,4
indiana_cooking_03_2,train,Cooking,4
indiana_cooking_03_3,train,Cooking,4
indiana_cooking_04_2,train,Cooking,4
indiana_cooking_04_3,train,Cooking,4
indiana_cooking_06_2,test,Cooking,4
indiana_cooking_06_3,test,Cooking,4
indiana_cooking_07_2,test,Cooking,4
indiana_cooking_07_3,test,Cooking,4
indiana_cooking_08_2,val,Cooking,4
indiana_cooking_08_5,val,Cooking,4
indiana_cooking_08_6,train,Cooking,4
indiana_cooking_09_2,val,Cooking,4
indiana_cooking_10_2,train,Cooking,4
indiana_cooking_10_3,train,Cooking,4
indiana_cooking_10_4,train,Cooking,4
indiana_cooking_10_5,train,Cooking,4
indiana_cooking_11_2,test,Cooking,4
indiana_cooking_11_3,test,Cooking,4
indiana_cooking_11_4,test,Cooking,4
indiana_cooking_11_5,test,Cooking,4
indiana_cooking_12_2,train,Cooking,4
indiana_cooking_12_3,train,Cooking,4
indiana_cooking_12_4,train,Cooking,4
indiana_cooking_13_2,train,Cooking,4
indiana_cooking_14_3,train,Cooking,4
indiana_cooking_14_4,train,Cooking,4
indiana_cooking_14_5,train,Cooking,4
indiana_cooking_14_6,train,Cooking,4
indiana_cooking_16_2,val,Cooking,4
indiana_cooking_16_3,val,Cooking,4
indiana_cooking_17_2,test,Cooking,4
indiana_cooking_17_3,test,Cooking,4
indiana_cooking_17_4,test,Cooking,4
indiana_cooking_17_5,test,Cooking,4
indiana_cooking_18_2,test,Cooking,4
indiana_cooking_18_3,test,Cooking,4
indiana_cooking_19_2,test,Cooking,4
indiana_cooking_19_3,test,Cooking,4
indiana_cooking_20_2,train,Cooking,4
indiana_cooking_20_3,train,Cooking,4
indiana_cooking_20_4,train,Cooking,4
indiana_cooking_20_5,train,Cooking,4
indiana_cooking_21_2,train,Cooking,4
indiana_cooking_21_3,train,Cooking,4
indiana_cooking_21_4,train,Cooking,4
indiana_cooking_21_5,train,Cooking,4
indiana_cooking_22_2,train,Cooking,4
indiana_cooking_22_3,train,Cooking,4
indiana_cooking_22_4,train,Cooking,4
indiana_cooking_22_5,train,Cooking,4
indiana_cooking_23_2,val,Cooking,4
indiana_cooking_23_3,val,Cooking,4
indiana_cooking_23_4,val,Cooking,4
indiana_cooking_23_5,val,Cooking,4
indiana_cooking_24_2,test,Cooking,4
indiana_cooking_24_3,test,Cooking,4
indiana_cooking_25_2,test,Cooking,4
indiana_cooking_25_3,test,Cooking,4
indiana_cooking_26_2,train,Cooking,4
indiana_cooking_26_3,train,Cooking,4
indiana_cooking_26_4,train,Cooking,4
indiana_cooking_27_2,train,Cooking,4
indiana_music_01_2,test,Music,6
indiana_music_01_3,test,Music,6
indiana_music_01_4,test,Music,6
indiana_music_02_2,test,Music,6
indiana_music_02_3,test,Music,6
indiana_music_02_4,test,Music,6
indiana_music_03_2,val,Music,6
indiana_music_03_3,val,Music,6
indiana_music_03_4,val,Music,6
indiana_music_03_5,val,Music,6
indiana_music_04_2,val,Music,6
indiana_music_04_3,val,Music,6
indiana_music_04_4,val,Music,6
indiana_music_04_5,val,Music,6
indiana_music_05_2,train,Music,6
indiana_music_05_3,train,Music,6
indiana_music_05_4,train,Music,6
indiana_music_06_2,train,Music,6
indiana_music_06_3,train,Music,6
indiana_music_06_4,train,Music,6
indiana_music_07_3,test,Music,6
indiana_music_07_4,test,Music,6
indiana_music_07_5,test,Music,6
indiana_music_09_3,train,Music,6
indiana_music_09_4,train,Music,6
indiana_music_09_5,train,Music,6
indiana_music_09_6,train,Music,6
indiana_music_10_2,test,Music,6
indiana_music_10_3,test,Music,6
indiana_music_10_4,test,Music,6
indiana_music_10_5,test,Music,6
indiana_music_11_2,train,Music,6
indiana_music_11_3,train,Music,6
indiana_music_11_4,train,Music,6
indiana_music_11_5,train,Music,6
indiana_music_12_3,train,Music,6
indiana_music_12_4,train,Music,6
indiana_music_12_5,train,Music,6
indiana_music_12_6,train,Music,6
indiana_music_13_3,train,Music,6
indiana_music_13_4,train,Music,6
indiana_music_13_5,train,Music,6
indiana_music_14_3,train,Music,6
indiana_music_14_4,train,Music,6
indiana_music_14_5,train,Music,6
indiana_music_15_3,train,Music,6
indiana_music_15_4,train,Music,6
indiana_music_15_5,train,Music,6
indiana_music_15_6,train,Music,6
minnesota_cooking_010_2,val,Cooking,4
minnesota_cooking_010_4,val,Cooking,4
minnesota_cooking_011_2,val,Cooking,4
minnesota_cooking_021_2,train,Cooking,4
minnesota_cooking_022_2,train,Cooking,4
minnesota_cooking_022_4,train,Cooking,4
minnesota_cooking_023_2,train,Cooking,4
minnesota_cooking_023_4,train,Cooking,4
minnesota_cooking_023_6,train,Cooking,4
minnesota_cooking_024_2,train,Cooking,4
minnesota_cooking_030_2,train,Cooking,4
minnesota_cooking_030_5,train,Cooking,4
minnesota_cooking_031_2,train,Cooking,4
minnesota_cooking_031_4,train,Cooking,4
minnesota_cooking_032_2,train,Cooking,4
minnesota_cooking_032_4,train,Cooking,4
minnesota_cooking_040_2,test,Cooking,4
minnesota_cooking_040_4,test,Cooking,4
minnesota_cooking_040_6,test,Cooking,4
minnesota_cooking_050_2,train,Cooking,4
minnesota_cooking_050_4,train,Cooking,4
minnesota_cooking_060_2,val,Cooking,4
minnesota_cooking_060_4,val,Cooking,4
minnesota_cooking_061_2,val,Cooking,4
minnesota_cooking_070_2,train,Cooking,4
minnesota_cooking_074_2,train,Cooking,4
minnesota_rockclimbing_011_10,train,Rock Climbing,3
minnesota_rockclimbing_011_12,train,Rock Climbing,3
minnesota_rockclimbing_011_14,train,Rock Climbing,3
minnesota_rockclimbing_011_16,train,Rock Climbing,3
minnesota_rockclimbing_011_18,train,Rock Climbing,3
minnesota_rockclimbing_011_2,train,Rock Climbing,3
minnesota_rockclimbing_011_20,train,Rock Climbing,3
minnesota_rockclimbing_011_22,train,Rock Climbing,3
minnesota_rockclimbing_011_4,train,Rock Climbing,3
minnesota_rockclimbing_011_6,train,Rock Climbing,3
minnesota_rockclimbing_011_8,train,Rock Climbing,3
minnesota_rockclimbing_012_10,train,Rock Climbing,3
minnesota_rockclimbing_012_12,train,Rock Climbing,3
minnesota_rockclimbing_012_14,train,Rock Climbing,3
minnesota_rockclimbing_012_16,train,Rock Climbing,3
minnesota_rockclimbing_012_19,train,Rock Climbing,3
minnesota_rockclimbing_012_2,train,Rock Climbing,3
minnesota_rockclimbing_012_21,train,Rock Climbing,3
minnesota_rockclimbing_012_23,train,Rock Climbing,3
minnesota_rockclimbing_012_25,train,Rock Climbing,3
minnesota_rockclimbing_012_27,train,Rock Climbing,3
minnesota_rockclimbing_012_29,train,Rock Climbing,3
minnesota_rockclimbing_012_4,train,Rock Climbing,3
minnesota_rockclimbing_012_6,train,Rock Climbing,3
minnesota_rockclimbing_012_8,train,Rock Climbing,3
minnesota_rockclimbing_013_10,val,Rock Climbing,3
minnesota_rockclimbing_013_12,train,Rock Climbing,3
minnesota_rockclimbing_013_14,train,Rock Climbing,3
minnesota_rockclimbing_013_16,train,Rock Climbing,3
minnesota_rockclimbing_013_18,train,Rock Climbing,3
minnesota_rockclimbing_013_2,val,Rock Climbing,3
minnesota_rockclimbing_013_20,train,Rock Climbing,3
minnesota_rockclimbing_013_22,train,Rock Climbing,3
minnesota_rockclimbing_013_24,train,Rock Climbing,3
minnesota_rockclimbing_013_26,train,Rock Climbing,3
minnesota_rockclimbing_013_28,train,Rock Climbing,3
minnesota_rockclimbing_013_30,train,Rock Climbing,3
minnesota_rockclimbing_013_4,val,Rock Climbing,3
minnesota_rockclimbing_013_6,val,Rock Climbing,3
minnesota_rockclimbing_013_8,val,Rock Climbing,3
minnesota_rockclimbing_020_10,val,Rock Climbing,3
minnesota_rockclimbing_020_12,val,Rock Climbing,3
minnesota_rockclimbing_020_14,val,Rock Climbing,3
minnesota_rockclimbing_020_16,val,Rock Climbing,3
minnesota_rockclimbing_020_18,val,Rock Climbing,3
minnesota_rockclimbing_020_2,val,Rock Climbing,3
minnesota_rockclimbing_020_20,val,Rock Climbing,3
minnesota_rockclimbing_020_22,train,Rock Climbing,3
minnesota_rockclimbing_020_24,train,Rock Climbing,3
minnesota_rockclimbing_020_26,train,Rock Climbing,3
minnesota_rockclimbing_020_28,train,Rock Climbing,3
minnesota_rockclimbing_020_30,train,Rock Climbing,3
minnesota_rockclimbing_020_32,train,Rock Climbing,3
minnesota_rockclimbing_020_4,val,Rock Climbing,3
minnesota_rockclimbing_020_6,val,Rock Climbing,3
minnesota_rockclimbing_020_8,val,Rock Climbing,3
minnesota_rockclimbing_021_10,train,Rock Climbing,3
minnesota_rockclimbing_021_12,train,Rock Climbing,3
minnesota_rockclimbing_021_14,test,Rock Climbing,3
minnesota_rockclimbing_021_16,test,Rock Climbing,3
minnesota_rockclimbing_021_18,test,Rock Climbing,3
minnesota_rockclimbing_021_2,train,Rock Climbing,3
minnesota_rockclimbing_021_20,test,Rock Climbing,3
minnesota_rockclimbing_021_22,test,Rock Climbing,3
minnesota_rockclimbing_021_24,test,Rock Climbing,3
minnesota_rockclimbing_021_26,test,Rock Climbing,3
minnesota_rockclimbing_021_28,test,Rock Climbing,3
minnesota_rockclimbing_021_30,test,Rock Climbing,3
minnesota_rockclimbing_021_32,test,Rock Climbing,3
minnesota_rockclimbing_021_4,train,Rock Climbing,3
minnesota_rockclimbing_021_6,train,Rock Climbing,3
minnesota_rockclimbing_021_8,train,Rock Climbing,3
minnesota_rockclimbing_022_10,test,Rock Climbing,3
minnesota_rockclimbing_022_12,train,Rock Climbing,3
minnesota_rockclimbing_022_14,train,Rock Climbing,3
minnesota_rockclimbing_022_16,train,Rock Climbing,3
minnesota_rockclimbing_022_18,train,Rock Climbing,3
minnesota_rockclimbing_022_2,test,Rock Climbing,3
minnesota_rockclimbing_022_20,train,Rock Climbing,3
minnesota_rockclimbing_022_22,train,Rock Climbing,3
minnesota_rockclimbing_022_4,test,Rock Climbing,3
minnesota_rockclimbing_022_6,test,Rock Climbing,3
minnesota_rockclimbing_022_8,test,Rock Climbing,3
minnesota_rockclimbing_030_10,test,Rock Climbing,3
minnesota_rockclimbing_030_12,test,Rock Climbing,3
minnesota_rockclimbing_030_14,train,Rock Climbing,3
minnesota_rockclimbing_030_16,train,Rock Climbing,3
minnesota_rockclimbing_030_18,train,Rock Climbing,3
minnesota_rockclimbing_030_2,test,Rock Climbing,3
minnesota_rockclimbing_030_20,train,Rock Climbing,3
minnesota_rockclimbing_030_22,train,Rock Climbing,3
minnesota_rockclimbing_030_24,val,Rock Climbing,3
minnesota_rockclimbing_030_26,val,Rock Climbing,3
minnesota_rockclimbing_030_28,val,Rock Climbing,3
minnesota_rockclimbing_030_30,val,Rock Climbing,3
minnesota_rockclimbing_030_32,val,Rock Climbing,3
minnesota_rockclimbing_030_4,test,Rock Climbing,3
minnesota_rockclimbing_030_6,test,Rock Climbing,3
minnesota_rockclimbing_030_8,test,Rock Climbing,3
minnesota_rockclimbing_031_10,train,Rock Climbing,3
minnesota_rockclimbing_031_12,train,Rock Climbing,3
minnesota_rockclimbing_031_14,train,Rock Climbing,3
minnesota_rockclimbing_031_16,train,Rock Climbing,3
minnesota_rockclimbing_031_18,train,Rock Climbing,3
minnesota_rockclimbing_031_19,train,Rock Climbing,3
minnesota_rockclimbing_031_2,train,Rock Climbing,3
minnesota_rockclimbing_031_21,train,Rock Climbing,3
minnesota_rockclimbing_031_23,train,Rock Climbing,3
minnesota_rockclimbing_031_25,train,Rock Climbing,3
minnesota_rockclimbing_031_27,train,Rock Climbing,3
minnesota_rockclimbing_031_4,train,Rock Climbing,3
minnesota_rockclimbing_031_6,train,Rock Climbing,3
minnesota_rockclimbing_031_8,train,Rock Climbing,3
minnesota_rockclimbing_032_10,val,Rock Climbing,3
minnesota_rockclimbing_032_12,test,Rock Climbing,3
minnesota_rockclimbing_032_14,test,Rock Climbing,3
minnesota_rockclimbing_032_16,test,Rock Climbing,3
minnesota_rockclimbing_032_19,train,Rock Climbing,3
minnesota_rockclimbing_032_2,val,Rock Climbing,3
minnesota_rockclimbing_032_21,train,Rock Climbing,3
minnesota_rockclimbing_032_23,train,Rock Climbing,3
minnesota_rockclimbing_032_25,train,Rock Climbing,3
minnesota_rockclimbing_032_27,train,Rock Climbing,3
minnesota_rockclimbing_032_4,val,Rock Climbing,3
minnesota_rockclimbing_032_6,val,Rock Climbing,3
minnesota_rockclimbing_032_8,val,Rock Climbing,3
minnesota_rockclimbing_033_12,train,Rock Climbing,3
minnesota_rockclimbing_033_14,train,Rock Climbing,3
minnesota_rockclimbing_033_16,train,Rock Climbing,3
minnesota_rockclimbing_033_18,train,Rock Climbing,3
minnesota_rockclimbing_033_20,train,Rock Climbing,3
minnesota_rockclimbing_034_10,train,Rock Climbing,3
minnesota_rockclimbing_034_12,train,Rock Climbing,3
minnesota_rockclimbing_034_14,train,Rock Climbing,3
minnesota_rockclimbing_034_16,train,Rock Climbing,3
minnesota_rockclimbing_034_18,train,Rock Climbing,3
minnesota_rockclimbing_034_2,train,Rock Climbing,3
minnesota_rockclimbing_034_20,train,Rock Climbing,3
minnesota_rockclimbing_034_22,val,Rock Climbing,3
minnesota_rockclimbing_034_24,val,Rock Climbing,3
minnesota_rockclimbing_034_26,val,Rock Climbing,3
minnesota_rockclimbing_034_28,val,Rock Climbing,3
minnesota_rockclimbing_034_4,train,Rock Climbing,3
minnesota_rockclimbing_034_6,train,Rock Climbing,3
minnesota_rockclimbing_034_7,train,Rock Climbing,3
minnesota_rockclimbing_040_10,train,Rock Climbing,3
minnesota_rockclimbing_040_12,train,Rock Climbing,3
minnesota_rockclimbing_040_14,train,Rock Climbing,3
minnesota_rockclimbing_040_16,train,Rock Climbing,3
minnesota_rockclimbing_040_18,train,Rock Climbing,3
minnesota_rockclimbing_040_2,train,Rock Climbing,3
minnesota_rockclimbing_040_20,train,Rock Climbing,3
minnesota_rockclimbing_040_22,train,Rock Climbing,3
minnesota_rockclimbing_040_4,train,Rock Climbing,3
minnesota_rockclimbing_040_6,train,Rock Climbing,3
minnesota_rockclimbing_040_8,train,Rock Climbing,3
minnesota_rockclimbing_041_10,train,Rock Climbing,3
minnesota_rockclimbing_041_12,train,Rock Climbing,3
minnesota_rockclimbing_041_14,train,Rock Climbing,3
minnesota_rockclimbing_041_16,train,Rock Climbing,3
minnesota_rockclimbing_041_18,train,Rock Climbing,3
minnesota_rockclimbing_041_2,train,Rock Climbing,3
minnesota_rockclimbing_041_20,train,Rock Climbing,3
minnesota_rockclimbing_041_4,train,Rock Climbing,3
minnesota_rockclimbing_041_6,train,Rock Climbing,3
minnesota_rockclimbing_041_8,train,Rock Climbing,3
minnesota_rockclimbing_042_10,test,Rock Climbing,3
minnesota_rockclimbing_042_12,train,Rock Climbing,3
minnesota_rockclimbing_042_14,train,Rock Climbing,3
minnesota_rockclimbing_042_16,train,Rock Climbing,3
minnesota_rockclimbing_042_18,train,Rock Climbing,3
minnesota_rockclimbing_042_2,test,Rock Climbing,3
minnesota_rockclimbing_042_20,train,Rock Climbing,3
minnesota_rockclimbing_042_22,test,Rock Climbing,3
minnesota_rockclimbing_042_24,test,Rock Climbing,3
minnesota_rockclimbing_042_26,test,Rock Climbing,3
minnesota_rockclimbing_042_28,test,Rock Climbing,3
minnesota_rockclimbing_042_30,test,Rock Climbing,3
minnesota_rockclimbing_042_4,test,Rock Climbing,3
minnesota_rockclimbing_042_6,test,Rock Climbing,3
minnesota_rockclimbing_042_8,test,Rock Climbing,3
minnesota_rockclimbing_043_10,test,Rock Climbing,3
minnesota_rockclimbing_043_12,test,Rock Climbing,3
minnesota_rockclimbing_043_4,test,Rock Climbing,3
minnesota_rockclimbing_043_6,test,Rock Climbing,3
minnesota_rockclimbing_043_8,test,Rock Climbing,3
nus_cooking_06_2,train,Cooking,4
nus_cooking_06_3,train,Cooking,4
nus_cooking_06_4,train,Cooking,4
nus_cooking_06_5,train,Cooking,4
nus_cooking_07_2,train,Cooking,4
nus_cooking_07_3,train,Cooking,4
nus_cooking_07_4,train,Cooking,4
nus_cooking_07_5,train,Cooking,4
nus_cooking_09_2,test,Cooking,4
nus_cooking_09_3,test,Cooking,4
nus_cooking_09_4,test,Cooking,4
nus_cooking_09_5,test,Cooking,4
nus_cooking_10_2,train,Cooking,4
nus_cooking_10_3,train,Cooking,4
nus_cooking_10_4,train,Cooking,4
nus_cooking_10_5,train,Cooking,4
nus_cooking_12_2,test,Cooking,4
nus_cooking_12_3,test,Cooking,4
nus_cooking_12_4,test,Cooking,4
nus_cooking_12_5,test,Cooking,4
nus_cooking_13_2,test,Cooking,4
nus_cooking_13_3,test,Cooking,4
nus_cooking_13_4,test,Cooking,4
nus_cooking_13_5,test,Cooking,4
nus_cooking_15_2,test,Cooking,4
nus_cooking_15_3,test,Cooking,4
nus_cooking_15_4,test,Cooking,4
nus_cooking_15_5,test,Cooking,4
nus_cooking_16_2,train,Cooking,4
nus_cooking_16_3,train,Cooking,4
nus_cooking_16_4,train,Cooking,4
nus_cooking_16_5,train,Cooking,4
nus_cooking_17_2,train,Cooking,4
nus_cooking_17_3,train,Cooking,4
nus_cooking_17_4,train,Cooking,4
nus_cooking_17_5,train,Cooking,4
nus_covidtest_01_1,train,Health,0
nus_covidtest_01_2,train,Health,0
nus_covidtest_01_3,train,Health,0
nus_covidtest_02_2,train,Health,0
nus_covidtest_02_3,train,Health,0
nus_covidtest_03_1,train,Health,0
nus_covidtest_03_2,train,Health,0
nus_covidtest_04_1,test,Health,0
nus_covidtest_04_2,test,Health,0
nus_covidtest_06_1,train,Health,0
nus_covidtest_06_2,train,Health,0
nus_covidtest_07_1,test,Health,0
nus_covidtest_07_2,test,Health,0
nus_covidtest_08_1,train,Health,0
nus_covidtest_08_2,train,Health,0
nus_covidtest_10_1,train,Health,0
nus_covidtest_10_2,train,Health,0
nus_covidtest_11_1,train,Health,0
nus_covidtest_12_1,val,Health,0
nus_covidtest_12_2,val,Health,0
nus_covidtest_13_2,train,Health,0
nus_covidtest_14_1,val,Health,0
nus_covidtest_14_2,val,Health,0
nus_covidtest_15_1,train,Health,0
nus_covidtest_15_2,train,Health,0
nus_covidtest_16_1,train,Health,0
nus_covidtest_16_2,train,Health,0
nus_covidtest_17_1,train,Health,0
nus_covidtest_17_2,train,Health,0
nus_covidtest_18_1,train,Health,0
nus_covidtest_18_2,train,Health,0
nus_covidtest_19_1,train,Health,0
nus_covidtest_19_2,train,Health,0
nus_covidtest_21_1,train,Health,0
nus_covidtest_21_2,train,Health,0
nus_covidtest_22_2,train,Health,0
nus_covidtest_23_1,test,Health,0
nus_covidtest_23_2,test,Health,0
nus_covidtest_24_1,test,Health,0
nus_covidtest_24_2,test,Health,0
nus_covidtest_25_1,test,Health,0
nus_covidtest_25_2,test,Health,0
nus_covidtest_26_2,test,Health,0
nus_covidtest_26_3,test,Health,0
nus_covidtest_27_2,train,Health,0
nus_covidtest_27_3,train,Health,0
nus_covidtest_28_2,train,Health,0
nus_covidtest_28_3,train,Health,0
nus_covidtest_29_2,train,Health,0
nus_covidtest_29_3,train,Health,0
nus_covidtest_31_2,train,Health,0
nus_covidtest_31_3,train,Health,0
nus_covidtest_32_2,train,Health,0
nus_covidtest_32_3,train,Health,0
nus_covidtest_33_2,val,Health,0
nus_covidtest_33_3,val,Health,0
nus_covidtest_35_2,train,Health,0
nus_covidtest_35_3,train,Health,0
nus_covidtest_36_2,train,Health,0
nus_covidtest_36_3,train,Health,0
nus_covidtest_37_2,train,Health,0
nus_covidtest_37_3,train,Health,0
nus_covidtest_37_4,train,Health,0
nus_covidtest_38_2,train,Health,0
nus_covidtest_38_3,train,Health,0
nus_covidtest_39_2,train,Health,0
nus_covidtest_39_3,train,Health,0
nus_covidtest_40_2,train,Health,0
nus_covidtest_40_3,train,Health,0
nus_covidtest_41_2,train,Health,0
nus_covidtest_41_3,train,Health,0
nus_covidtest_42_2,test,Health,0
nus_covidtest_42_3,test,Health,0
nus_covidtest_43_2,train,Health,0
nus_covidtest_43_3,train,Health,0
nus_covidtest_43_4,train,Health,0
nus_covidtest_44_2,test,Health,0
nus_covidtest_44_3,test,Health,0
nus_covidtest_44_4,test,Health,0
nus_covidtest_45_1,train,Health,0
nus_covidtest_46_1,train,Health,0
nus_covidtest_48_1,test,Health,0
nus_covidtest_49_1,train,Health,0
nus_covidtest_50_1,train,Health,0
nus_covidtest_51_1,val,Health,0
nus_covidtest_52_1,val,Health,0
nus_covidtest_53_1,train,Health,0
nus_covidtest_54_1,train,Health,0
nus_covidtest_55_1,train,Health,0
nus_covidtest_56_1,train,Health,0
nus_covidtest_57_1,train,Health,0
nus_covidtest_58_1,train,Health,0
nus_covidtest_59_1,train,Health,0
nus_covidtest_60_1,train,Health,0
nus_covidtest_61_1,test,Health,0
nus_covidtest_62_1,test,Health,0
nus_covidtest_63_1,test,Health,0
nus_cpr_01_1,test,Health,0
nus_cpr_01_2,test,Health,0
nus_cpr_03_1,test,Health,0
nus_cpr_03_2,test,Health,0
nus_cpr_06_1,test,Health,0
nus_cpr_06_2,test,Health,0
nus_cpr_07_1,train,Health,0
nus_cpr_07_2,train,Health,0
nus_cpr_08_1,train,Health,0
nus_cpr_08_2,train,Health,0
nus_cpr_09_1,train,Health,0
nus_cpr_09_2,train,Health,0
nus_cpr_11_1,train,Health,0
nus_cpr_11_2,train,Health,0
nus_cpr_12_1,val,Health,0
nus_cpr_12_2,val,Health,0
nus_cpr_13_1,val,Health,0
nus_cpr_13_2,val,Health,0
nus_cpr_14_1,train,Health,0
nus_cpr_14_2,train,Health,0
nus_cpr_15_1,train,Health,0
nus_cpr_15_2,train,Health,0
nus_cpr_16_1,train,Health,0
nus_cpr_16_2,train,Health,0
nus_cpr_19_1,train,Health,0
nus_cpr_19_2,train,Health,0
nus_cpr_20_1,train,Health,0
nus_cpr_20_2,train,Health,0
nus_cpr_21_1,train,Health,0
nus_cpr_21_2,train,Health,0
nus_cpr_22_1,train,Health,0
nus_cpr_22_2,train,Health,0
nus_cpr_23_1,test,Health,0
nus_cpr_23_2,test,Health,0
nus_cpr_24_1,train,Health,0
nus_cpr_24_2,train,Health,0
nus_cpr_25_1,train,Health,0
nus_cpr_25_2,train,Health,0
nus_cpr_26_2,test,Health,0
nus_cpr_26_3,train,Health,0
nus_cpr_27_2,train,Health,0
nus_cpr_27_3,train,Health,0
nus_cpr_29_2,train,Health,0
nus_cpr_29_3,train,Health,0
nus_cpr_30_2,val,Health,0
nus_cpr_30_3,val,Health,0
nus_cpr_31_2,test,Health,0
nus_cpr_31_3,test,Health,0
nus_cpr_32_2,test,Health,0
nus_cpr_32_3,test,Health,0
nus_cpr_32_4,test,Health,0
nus_cpr_33_2,test,Health,0
nus_cpr_33_3,test,Health,0
nus_cpr_34_2,train,Health,0
nus_cpr_34_3,train,Health,0
nus_cpr_34_4,train,Health,0
nus_cpr_38_2,val,Health,0
nus_cpr_38_3,val,Health,0
nus_cpr_39_2,train,Health,0
nus_cpr_39_3,train,Health,0
nus_cpr_40_2,train,Health,0
nus_cpr_40_3,train,Health,0
nus_cpr_41_2,test,Health,0
nus_cpr_41_3,test,Health,0
nus_cpr_42_2,train,Health,0
nus_cpr_42_3,train,Health,0
nus_cpr_43_2,train,Health,0
nus_cpr_43_3,train,Health,0
nus_cpr_43_4,train,Health,0
nus_cpr_44_2,val,Health,0
nus_cpr_44_3,val,Health,0
nus_cpr_44_4,val,Health,0
nus_cpr_46_1,train,Health,0
nus_cpr_47_1,train,Health,0
nus_cpr_48_1,train,Health,0
nus_cpr_49_1,test,Health,0
nus_cpr_50_1,train,Health,0
nus_cpr_51_1,val,Health,0
nus_cpr_52_1,train,Health,0
nus_cpr_54_1,train,Health,0
sfu_basketball012_10,val,Basketball,2
sfu_basketball012_11,val,Basketball,2
sfu_basketball012_12,val,Basketball,2
sfu_basketball012_2,val,Basketball,2
sfu_basketball012_3,val,Basketball,2
sfu_basketball012_4,val,Basketball,2
sfu_basketball012_6,val,Basketball,2
sfu_basketball012_7,val,Basketball,2
sfu_basketball012_8,val,Basketball,2
sfu_basketball013_11,train,Basketball,2
sfu_basketball013_12,train,Basketball,2
sfu_basketball013_14,train,Basketball,2
sfu_basketball013_15,train,Basketball,2
sfu_basketball013_16,train,Basketball,2
sfu_basketball013_18,train,Basketball,2
sfu_basketball013_19,train,Basketball,2
sfu_basketball013_2,train,Basketball,2
sfu_basketball013_20,train,Basketball,2
sfu_basketball013_22,train,Basketball,2
sfu_basketball013_23,train,Basketball,2
sfu_basketball013_24,train,Basketball,2
sfu_basketball013_26,train,Basketball,2
sfu_basketball013_27,train,Basketball,2
sfu_basketball013_28,train,Basketball,2
sfu_basketball013_5,train,Basketball,2
sfu_basketball013_7,train,Basketball,2
sfu_basketball013_9,train,Basketball,2
sfu_basketball014_11,train,Basketball,2
sfu_basketball014_13,train,Basketball,2
sfu_basketball014_15,train,Basketball,2
sfu_basketball014_16,train,Basketball,2
sfu_basketball014_18,train,Basketball,2
sfu_basketball014_19,train,Basketball,2
sfu_basketball014_2,train,Basketball,2
sfu_basketball014_21,train,Basketball,2
sfu_basketball014_22,train,Basketball,2
sfu_basketball014_23,train,Basketball,2
sfu_basketball014_26,train,Basketball,2
sfu_basketball014_28,train,Basketball,2
sfu_basketball014_29,train,Basketball,2
sfu_basketball014_4,train,Basketball,2
sfu_basketball014_6,train,Basketball,2
sfu_basketball014_9,train,Basketball,2
sfu_basketball015_11,train,Basketball,2
sfu_basketball015_13,train,Basketball,2
sfu_basketball015_15,train,Basketball,2
sfu_basketball015_16,train,Basketball,2
sfu_basketball015_17,train,Basketball,2
sfu_basketball015_19,train,Basketball,2
sfu_basketball015_2,train,Basketball,2
sfu_basketball015_20,train,Basketball,2
sfu_basketball015_21,train,Basketball,2
sfu_basketball015_23,train,Basketball,2
sfu_basketball015_24,train,Basketball,2
sfu_basketball015_26,train,Basketball,2
sfu_basketball015_28,train,Basketball,2
sfu_basketball015_29,train,Basketball,2
sfu_basketball015_30,train,Basketball,2
sfu_basketball015_4,train,Basketball,2
sfu_basketball015_5,train,Basketball,2
sfu_basketball015_7,train,Basketball,2
sfu_basketball015_8,train,Basketball,2
sfu_basketball016_10,train,Basketball,2
sfu_basketball016_11,train,Basketball,2
sfu_basketball016_12,train,Basketball,2
sfu_basketball016_2,val,Basketball,2
sfu_basketball016_4,train,Basketball,2
sfu_basketball016_5,train,Basketball,2
sfu_basketball016_6,train,Basketball,2
sfu_basketball016_7,train,Basketball,2
sfu_basketball016_8,train,Basketball,2
sfu_basketball016_9,train,Basketball,2
sfu_basketball017_10,train,Basketball,2
sfu_basketball017_12,train,Basketball,2
sfu_basketball017_13,train,Basketball,2
sfu_basketball017_14,train,Basketball,2
sfu_basketball017_16,train,Basketball,2
sfu_basketball017_17,train,Basketball,2
sfu_basketball017_18,train,Basketball,2
sfu_basketball017_2,train,Basketball,2
sfu_basketball017_20,train,Basketball,2
sfu_basketball017_22,train,Basketball,2
sfu_basketball017_23,train,Basketball,2
sfu_basketball017_25,train,Basketball,2
sfu_basketball017_26,train,Basketball,2
sfu_basketball017_4,train,Basketball,2
sfu_basketball017_5,train,Basketball,2
sfu_basketball017_7,train,Basketball,2
sfu_basketball017_9,train,Basketball,2
sfu_basketball_01_10,test,Basketball,2
sfu_basketball_01_11,test,Basketball,2
sfu_basketball_01_13,test,Basketball,2
sfu_basketball_01_14,test,Basketball,2
sfu_basketball_01_16,test,Basketball,2
sfu_basketball_01_18,test,Basketball,2
sfu_basketball_01_19,test,Basketball,2
sfu_basketball_01_2,test,Basketball,2
sfu_basketball_01_20,test,Basketball,2
sfu_basketball_01_22,test,Basketball,2
sfu_basketball_01_23,test,Basketball,2
sfu_basketball_01_24,test,Basketball,2
sfu_basketball_01_26,test,Basketball,2
sfu_basketball_01_27,test,Basketball,2
sfu_basketball_01_29,test,Basketball,2
sfu_basketball_01_31,test,Basketball,2
sfu_basketball_01_32,test,Basketball,2
sfu_basketball_01_33,test,Basketball,2
sfu_basketball_01_35,test,Basketball,2
sfu_basketball_01_37,test,Basketball,2
sfu_basketball_01_39,test,Basketball,2
sfu_basketball_01_4,test,Basketball,2
sfu_basketball_01_41,test,Basketball,2
sfu_basketball_01_43,test,Basketball,2
sfu_basketball_01_45,test,Basketball,2
sfu_basketball_01_47,test,Basketball,2
sfu_basketball_01_6,test,Basketball,2
sfu_basketball_01_8,test,Basketball,2
sfu_basketball_02_10,train,Basketball,2
sfu_basketball_02_12,train,Basketball,2
sfu_basketball_02_14,train,Basketball,2
sfu_basketball_02_15,train,Basketball,2
sfu_basketball_02_17,train,Basketball,2
sfu_basketball_02_18,train,Basketball,2
sfu_basketball_02_19,train,Basketball,2
sfu_basketball_02_2,train,Basketball,2
sfu_basketball_02_20,train,Basketball,2
sfu_basketball_02_22,train,Basketball,2
sfu_basketball_02_24,train,Basketball,2
sfu_basketball_02_25,train,Basketball,2
sfu_basketball_02_26,train,Basketball,2
sfu_basketball_02_28,train,Basketball,2
sfu_basketball_02_29,train,Basketball,2
sfu_basketball_02_3,train,Basketball,2
sfu_basketball_02_31,train,Basketball,2
sfu_basketball_02_5,train,Basketball,2
sfu_basketball_02_6,train,Basketball,2
sfu_basketball_02_7,train,Basketball,2
sfu_basketball_02_9,train,Basketball,2
sfu_basketball_03_10,train,Basketball,2
sfu_basketball_03_12,train,Basketball,2
sfu_basketball_03_14,train,Basketball,2
sfu_basketball_03_16,train,Basketball,2
sfu_basketball_03_18,train,Basketball,2
sfu_basketball_03_2,train,Basketball,2
sfu_basketball_03_20,train,Basketball,2
sfu_basketball_03_21,train,Basketball,2
sfu_basketball_03_23,train,Basketball,2
sfu_basketball_03_27,train,Basketball,2
sfu_basketball_03_28,train,Basketball,2
sfu_basketball_03_30,train,Basketball,2
sfu_basketball_03_32,train,Basketball,2
sfu_basketball_03_34,train,Basketball,2
sfu_basketball_03_36,train,Basketball,2
sfu_basketball_03_37,train,Basketball,2
sfu_basketball_03_39,train,Basketball,2
sfu_basketball_03_4,train,Basketball,2
sfu_basketball_03_41,train,Basketball,2
sfu_basketball_03_42,train,Basketball,2
sfu_basketball_03_44,train,Basketball,2
sfu_basketball_03_46,train,Basketball,2
sfu_basketball_03_47,train,Basketball,2
sfu_basketball_03_49,train,Basketball,2
sfu_basketball_03_51,train,Basketball,2
sfu_basketball_03_52,train,Basketball,2
sfu_basketball_03_54,train,Basketball,2
sfu_basketball_03_56,train,Basketball,2
sfu_basketball_03_57,train,Basketball,2
sfu_basketball_03_59,train,Basketball,2
sfu_basketball_03_6,train,Basketball,2
sfu_basketball_03_61,train,Basketball,2
sfu_basketball_03_62,train,Basketball,2
sfu_basketball_03_64,train,Basketball,2
sfu_basketball_03_66,train,Basketball,2
sfu_basketball_03_68,train,Basketball,2
sfu_basketball_03_70,train,Basketball,2
sfu_basketball_03_72,train,Basketball,2
sfu_basketball_03_73,train,Basketball,2
sfu_basketball_03_75,train,Basketball,2
sfu_basketball_03_77,train,Basketball,2
sfu_basketball_03_78,train,Basketball,2
sfu_basketball_03_79,train,Basketball,2
sfu_basketball_03_8,train,Basketball,2
sfu_basketball_03_80,train,Basketball,2
sfu_basketball_03_81,train,Basketball,2
sfu_basketball_03_82,train,Basketball,2
sfu_basketball_03_84,train,Basketball,2
sfu_basketball_04_10,test,Basketball,2
sfu_basketball_04_12,test,Basketball,2
sfu_basketball_04_13,test,Basketball,2
sfu_basketball_04_14,test,Basketball,2
sfu_basketball_04_16,val,Basketball,2
sfu_basketball_04_17,val,Basketball,2
sfu_basketball_04_18,val,Basketball,2
sfu_basketball_04_2,val,Basketball,2
sfu_basketball_04_20,val,Basketball,2
sfu_basketball_04_21,test,Basketball,2
sfu_basketball_04_22,test,Basketball,2
sfu_basketball_04_24,test,Basketball,2
sfu_basketball_04_25,test,Basketball,2
sfu_basketball_04_26,test,Basketball,2
sfu_basketball_04_5,val,Basketball,2
sfu_basketball_04_6,val,Basketball,2
sfu_basketball_04_8,val,Basketball,2
sfu_basketball_04_9,test,Basketball,2
sfu_basketball_05_11,train,Basketball,2
sfu_basketball_05_14,test,Basketball,2
sfu_basketball_05_17,test,Basketball,2
sfu_basketball_05_18,test,Basketball,2
sfu_basketball_05_2,val,Basketball,2
sfu_basketball_05_20,test,Basketball,2
sfu_basketball_05_22,val,Basketball,2
sfu_basketball_05_24,val,Basketball,2
sfu_basketball_05_26,val,Basketball,2
sfu_basketball_05_28,train,Basketball,2
sfu_basketball_05_3,val,Basketball,2
sfu_basketball_05_30,train,Basketball,2
sfu_basketball_05_32,train,Basketball,2
sfu_basketball_05_33,test,Basketball,2
sfu_basketball_05_35,test,Basketball,2
sfu_basketball_05_37,test,Basketball,2
sfu_basketball_05_39,test,Basketball,2
sfu_basketball_05_41,train,Basketball,2
sfu_basketball_05_5,val,Basketball,2
sfu_basketball_05_7,train,Basketball,2
sfu_basketball_05_8,train,Basketball,2
sfu_basketball_05_9,train,Basketball,2
sfu_basketball_06_10,test,Basketball,2
sfu_basketball_06_12,test,Basketball,2
sfu_basketball_06_14,train,Basketball,2
sfu_basketball_06_16,train,Basketball,2
sfu_basketball_06_18,train,Basketball,2
sfu_basketball_06_2,train,Basketball,2
sfu_basketball_06_20,test,Basketball,2
sfu_basketball_06_22,test,Basketball,2
sfu_basketball_06_24,test,Basketball,2
sfu_basketball_06_4,train,Basketball,2
sfu_basketball_06_6,train,Basketball,2
sfu_basketball_06_8,test,Basketball,2
sfu_basketball_07_11,train,Basketball,2
sfu_basketball_07_13,test,Basketball,2
sfu_basketball_07_14,test,Basketball,2
sfu_basketball_07_17,test,Basketball,2
sfu_basketball_07_19,train,Basketball,2
sfu_basketball_07_2,test,Basketball,2
sfu_basketball_07_21,train,Basketball,2
sfu_basketball_07_23,train,Basketball,2
sfu_basketball_07_25,test,Basketball,2
sfu_basketball_07_27,test,Basketball,2
sfu_basketball_07_29,test,Basketball,2
sfu_basketball_07_31,test,Basketball,2
sfu_basketball_07_32,test,Basketball,2
sfu_basketball_07_34,test,Basketball,2
sfu_basketball_07_36,test,Basketball,2
sfu_basketball_07_38,train,Basketball,2
sfu_basketball_07_4,test,Basketball,2
sfu_basketball_07_40,train,Basketball,2
sfu_basketball_07_42,train,Basketball,2
sfu_basketball_07_44,train,Basketball,2
sfu_basketball_07_6,test,Basketball,2
sfu_basketball_07_8,train,Basketball,2
sfu_basketball_07_9,train,Basketball,2
sfu_basketball_08_11,train,Basketball,2
sfu_basketball_08_13,train,Basketball,2
sfu_basketball_08_15,train,Basketball,2
sfu_basketball_08_17,train,Basketball,2
sfu_basketball_08_19,train,Basketball,2
sfu_basketball_08_2,train,Basketball,2
sfu_basketball_08_21,train,Basketball,2
sfu_basketball_08_23,train,Basketball,2
sfu_basketball_08_25,train,Basketball,2
sfu_basketball_08_27,train,Basketball,2
sfu_basketball_08_29,train,Basketball,2
sfu_basketball_08_31,train,Basketball,2
sfu_basketball_08_33,train,Basketball,2
sfu_basketball_08_35,train,Basketball,2
sfu_basketball_08_37,train,Basketball,2
sfu_basketball_08_39,train,Basketball,2
sfu_basketball_08_4,train,Basketball,2
sfu_basketball_08_40,train,Basketball,2
sfu_basketball_08_41,train,Basketball,2
sfu_basketball_08_43,train,Basketball,2
sfu_basketball_08_45,train,Basketball,2
sfu_basketball_08_47,train,Basketball,2
sfu_basketball_08_48,train,Basketball,2
sfu_basketball_08_50,train,Basketball,2
sfu_basketball_08_51,train,Basketball,2
sfu_basketball_08_53,train,Basketball,2
sfu_basketball_08_6,train,Basketball,2
sfu_basketball_08_9,train,Basketball,2
sfu_basketball_09_11,val,Basketball,2
sfu_basketball_09_12,val,Basketball,2
sfu_basketball_09_14,val,Basketball,2
sfu_basketball_09_16,val,Basketball,2
sfu_basketball_09_17,val,Basketball,2
sfu_basketball_09_18,val,Basketball,2
sfu_basketball_09_19,val,Basketball,2
sfu_basketball_09_2,val,Basketball,2
sfu_basketball_09_21,val,Basketball,2
sfu_basketball_09_22,val,Basketball,2
sfu_basketball_09_24,val,Basketball,2
sfu_basketball_09_26,val,Basketball,2
sfu_basketball_09_27,val,Basketball,2
sfu_basketball_09_29,val,Basketball,2
sfu_basketball_09_31,val,Basketball,2
sfu_basketball_09_32,val,Basketball,2
sfu_basketball_09_34,val,Basketball,2
sfu_basketball_09_4,val,Basketball,2
sfu_basketball_09_7,val,Basketball,2
sfu_basketball_10_11,test,Basketball,2
sfu_basketball_10_13,train,Basketball,2
sfu_basketball_10_15,train,Basketball,2
sfu_basketball_10_16,train,Basketball,2
sfu_basketball_10_18,train,Basketball,2
sfu_basketball_10_2,train,Basketball,2
sfu_basketball_10_20,test,Basketball,2
sfu_basketball_10_21,test,Basketball,2
sfu_basketball_10_23,test,Basketball,2
sfu_basketball_10_25,train,Basketball,2
sfu_basketball_10_26,train,Basketball,2
sfu_basketball_10_28,train,Basketball,2
sfu_basketball_10_30,train,Basketball,2
sfu_basketball_10_31,test,Basketball,2
sfu_basketball_10_33,test,Basketball,2
sfu_basketball_10_36,test,Basketball,2
sfu_basketball_10_38,train,Basketball,2
sfu_basketball_10_41,train,Basketball,2
sfu_basketball_10_43,test,Basketball,2
sfu_basketball_10_44,test,Basketball,2
sfu_basketball_10_5,train,Basketball,2
sfu_basketball_10_7,test,Basketball,2
sfu_basketball_10_9,test,Basketball,2
sfu_basketball_11_10,train,Basketball,2
sfu_basketball_11_13,train,Basketball,2
sfu_basketball_11_14,train,Basketball,2
sfu_basketball_11_15,train,Basketball,2
sfu_basketball_11_17,train,Basketball,2
sfu_basketball_11_19,train,Basketball,2
sfu_basketball_11_2,train,Basketball,2
sfu_basketball_11_21,train,Basketball,2
sfu_basketball_11_23,train,Basketball,2
sfu_basketball_11_24,train,Basketball,2
sfu_basketball_11_26,train,Basketball,2
sfu_basketball_11_28,train,Basketball,2
sfu_basketball_11_29,train,Basketball,2
sfu_basketball_11_31,train,Basketball,2
sfu_basketball_11_33,train,Basketball,2
sfu_basketball_11_34,train,Basketball,2
sfu_basketball_11_35,train,Basketball,2
sfu_basketball_11_37,train,Basketball,2
sfu_basketball_11_39,train,Basketball,2
sfu_basketball_11_4,train,Basketball,2
sfu_basketball_11_40,train,Basketball,2
sfu_basketball_11_42,train,Basketball,2
sfu_basketball_11_44,train,Basketball,2
sfu_basketball_11_6,train,Basketball,2
sfu_basketball_11_8,train,Basketball,2
sfu_cooking015_2,train,Cooking,4
sfu_cooking015_4,train,Cooking,4
sfu_cooking017_2,train,Cooking,4
sfu_cooking017_4,train,Cooking,4
sfu_cooking017_6,train,Cooking,4
sfu_cooking017_9,train,Cooking,4
sfu_cooking020_2,train,Cooking,4
sfu_cooking020_4,train,Cooking,4
sfu_cooking020_6,train,Cooking,4
sfu_cooking020_8,train,Cooking,4
sfu_cooking022_11,val,Cooking,4
sfu_cooking022_2,val,Cooking,4
sfu_cooking022_5,val,Cooking,4
sfu_cooking022_9,val,Cooking,4
sfu_cooking023_2,train,Cooking,4
sfu_cooking023_4,train,Cooking,4
sfu_cooking023_6,train,Cooking,4
sfu_cooking023_8,train,Cooking,4
sfu_cooking024_2,test,Cooking,4
sfu_cooking024_4,test,Cooking,4
sfu_cooking024_6,test,Cooking,4
sfu_cooking024_8,test,Cooking,4
sfu_cooking025_2,train,Cooking,4
sfu_cooking025_3,train,Cooking,4
sfu_cooking025_5,train,Cooking,4
sfu_cooking025_7,train,Cooking,4
sfu_cooking026_2,train,Cooking,4
sfu_cooking026_4,train,Cooking,4
sfu_cooking026_6,train,Cooking,4
sfu_cooking026_8,train,Cooking,4
sfu_cooking027_2,test,Cooking,4
sfu_cooking027_4,test,Cooking,4
sfu_cooking027_7,test,Cooking,4
sfu_cooking027_9,test,Cooking,4
sfu_cooking028_12,val,Cooking,4
sfu_cooking028_2,val,Cooking,4
sfu_cooking028_6,val,Cooking,4
sfu_cooking028_8,val,Cooking,4
sfu_cooking029_2,train,Cooking,4
sfu_cooking029_4,train,Cooking,4
sfu_cooking029_6,train,Cooking,4
sfu_cooking029_8,train,Cooking,4
sfu_cooking030_2,test,Cooking,4
sfu_cooking030_4,test,Cooking,4
sfu_cooking030_6,test,Cooking,4
sfu_cooking031_1,train,Cooking,4
sfu_cooking031_10,train,Cooking,4
sfu_cooking031_2,train,Cooking,4
sfu_cooking031_3,train,Cooking,4
sfu_cooking031_5,train,Cooking,4
sfu_cooking031_7,train,Cooking,4
sfu_cooking031_9,train,Cooking,4
sfu_cooking032_1,train,Cooking,4
sfu_cooking032_3,train,Cooking,4
sfu_cooking032_4,train,Cooking,4
sfu_cooking_001_2,train,Cooking,4
sfu_cooking_001_4,train,Cooking,4
sfu_cooking_001_6,train,Cooking,4
sfu_cooking_001_8,train,Cooking,4
sfu_cooking_002_1,train,Cooking,4
sfu_cooking_002_3,train,Cooking,4
sfu_cooking_002_5,train,Cooking,4
sfu_cooking_002_7,train,Cooking,4
sfu_cooking_003_1,train,Cooking,4
sfu_cooking_003_3,train,Cooking,4
sfu_cooking_003_5,train,Cooking,4
sfu_cooking_004_1,test,Cooking,4
sfu_cooking_004_3,test,Cooking,4
sfu_cooking_004_5,test,Cooking,4
sfu_cooking_005_1,train,Cooking,4
sfu_cooking_005_2,train,Cooking,4
sfu_cooking_005_4,train,Cooking,4
sfu_cooking_005_6,train,Cooking,4
sfu_cooking_006_1,train,Cooking,4
sfu_cooking_007_1,val,Cooking,4
sfu_cooking_007_3,val,Cooking,4
sfu_cooking_007_5,val,Cooking,4
sfu_cooking_007_7,val,Cooking,4
sfu_cooking_008_1,val,Cooking,4
sfu_cooking_008_3,val,Cooking,4
sfu_cooking_008_5,val,Cooking,4
sfu_cooking_009_1,train,Cooking,4
sfu_cooking_009_3,train,Cooking,4
sfu_cooking_009_5,train,Cooking,4
sfu_cooking_009_7,train,Cooking,4
sfu_cooking_010_1,val,Cooking,4
sfu_cooking_010_3,val,Cooking,4
sfu_cooking_010_5,val,Cooking,4
sfu_cooking_010_7,val,Cooking,4
sfu_cooking_011_1,train,Cooking,4
sfu_cooking_011_3,train,Cooking,4
sfu_cooking_011_5,train,Cooking,4
sfu_cooking_012_1,test,Cooking,4
sfu_cooking_012_3,test,Cooking,4
sfu_cooking_012_5,test,Cooking,4
sfu_cooking_012_6,test,Cooking,4
sfu_cooking_013_1,train,Cooking,4
sfu_cooking_013_3,train,Cooking,4
sfu_covid_001_10,train,Health,0
sfu_covid_001_12,train,Health,0
sfu_covid_001_2,train,Health,0
sfu_covid_001_4,train,Health,0
sfu_covid_001_6,train,Health,0
sfu_covid_001_8,train,Health,0
sfu_covid_002_10,train,Health,0
sfu_covid_002_12,train,Health,0
sfu_covid_002_2,val,Health,0
sfu_covid_002_4,val,Health,0
sfu_covid_002_6,val,Health,0
sfu_covid_004_10,test,Health,0
sfu_covid_004_12,test,Health,0
sfu_covid_004_2,val,Health,0
sfu_covid_004_4,val,Health,0
sfu_covid_004_6,val,Health,0
sfu_covid_004_8,test,Health,0
sfu_covid_005_2,train,Health,0
sfu_covid_005_4,train,Health,0
sfu_covid_005_6,train,Health,0
sfu_covid_006_2,val,Health,0
sfu_covid_006_4,val,Health,0
sfu_covid_006_6,val,Health,0
sfu_covid_007_2,train,Health,0
sfu_covid_008_10,val,Health,0
sfu_covid_008_12,val,Health,0
sfu_covid_008_16,val,Health,0
sfu_covid_008_2,test,Health,0
sfu_covid_008_6,test,Health,0
sfu_covid_008_7,test,Health,0
sfu_covid_009_10,train,Health,0
sfu_covid_009_12,train,Health,0
sfu_covid_009_14,train,Health,0
sfu_covid_009_2,train,Health,0
sfu_covid_009_4,train,Health,0
sfu_covid_009_6,train,Health,0
sfu_covid_009_8,train,Health,0
sfu_covid_010_2,train,Health,0
sfu_covid_010_4,train,Health,0
sfu_covid_010_6,train,Health,0
sfu_covid_011_2,test,Health,0
sfu_covid_011_4,test,Health,0
sfu_covid_011_6,test,Health,0
sfu_covid_011_7,test,Health,0
sfu_covid_012_5,train,Health,0
sfu_covid_013_12,train,Health,0
sfu_covid_013_2,test,Health,0
sfu_covid_013_4,test,Health,0
sfu_covid_013_8,test,Health,0
sfu_covid_014_2,train,Health,0
unc_basketball_02-24-23_01_10,train,Basketball,2
unc_basketball_02-24-23_01_12,train,Basketball,2
unc_basketball_02-24-23_01_13,test,Basketball,2
unc_basketball_02-24-23_01_14,test,Basketball,2
unc_basketball_02-24-23_01_15,test,Basketball,2
unc_basketball_02-24-23_01_16,val,Basketball,2
unc_basketball_02-24-23_01_18,val,Basketball,2
unc_basketball_02-24-23_01_19,val,Basketball,2
unc_basketball_02-24-23_01_2,val,Basketball,2
unc_basketball_02-24-23_01_20,val,Basketball,2
unc_basketball_02-24-23_01_21,val,Basketball,2
unc_basketball_02-24-23_01_22,train,Basketball,2
unc_basketball_02-24-23_01_24,train,Basketball,2
unc_basketball_02-24-23_01_25,train,Basketball,2
unc_basketball_02-24-23_01_27,train,Basketball,2
unc_basketball_02-24-23_01_28,train,Basketball,2
unc_basketball_02-24-23_01_29,train,Basketball,2
unc_basketball_02-24-23_01_3,val,Basketball,2
unc_basketball_02-24-23_01_30,train,Basketball,2
unc_basketball_02-24-23_01_31,test,Basketball,2
unc_basketball_02-24-23_01_33,test,Basketball,2
unc_basketball_02-24-23_01_34,val,Basketball,2
unc_basketball_02-24-23_01_35,val,Basketball,2
unc_basketball_02-24-23_01_36,val,Basketball,2
unc_basketball_02-24-23_01_37,val,Basketball,2
unc_basketball_02-24-23_01_38,val,Basketball,2
unc_basketball_02-24-23_01_39,val,Basketball,2
unc_basketball_02-24-23_01_4,train,Basketball,2
unc_basketball_02-24-23_01_40,train,Basketball,2
unc_basketball_02-24-23_01_41,train,Basketball,2
unc_basketball_02-24-23_01_42,train,Basketball,2
unc_basketball_02-24-23_01_43,train,Basketball,2
unc_basketball_02-24-23_01_5,train,Basketball,2
unc_basketball_02-24-23_01_6,train,Basketball,2
unc_basketball_02-24-23_01_7,train,Basketball,2
unc_basketball_02-24-23_01_8,train,Basketball,2
unc_basketball_02-24-23_01_9,train,Basketball,2
unc_basketball_02-24-23_02_1,train,Basketball,2
unc_basketball_02-24-23_02_10,val,Basketball,2
unc_basketball_02-24-23_02_11,val,Basketball,2
unc_basketball_02-24-23_02_12,val,Basketball,2
unc_basketball_02-24-23_02_2,train,Basketball,2
unc_basketball_02-24-23_02_3,train,Basketball,2
unc_basketball_02-24-23_02_4,train,Basketball,2
unc_basketball_02-24-23_02_5,train,Basketball,2
unc_basketball_02-24-23_02_6,train,Basketball,2
unc_basketball_02-24-23_02_7,test,Basketball,2
unc_basketball_02-24-23_02_8,test,Basketball,2
unc_basketball_02-24-23_02_9,test,Basketball,2
unc_basketball_03-09-23_01_10,val,Basketball,2
unc_basketball_03-09-23_01_12,val,Basketball,2
unc_basketball_03-09-23_01_14,val,Basketball,2
unc_basketball_03-09-23_01_16,val,Basketball,2
unc_basketball_03-09-23_01_18,val,Basketball,2
unc_basketball_03-09-23_01_2,train,Basketball,2
unc_basketball_03-09-23_01_20,train,Basketball,2
unc_basketball_03-09-23_01_22,train,Basketball,2
unc_basketball_03-09-23_01_24,train,Basketball,2
unc_basketball_03-09-23_01_26,train,Basketball,2
unc_basketball_03-09-23_01_28,train,Basketball,2
unc_basketball_03-09-23_01_30,train,Basketball,2
unc_basketball_03-09-23_01_32,train,Basketball,2
unc_basketball_03-09-23_01_34,train,Basketball,2
unc_basketball_03-09-23_01_36,train,Basketball,2
unc_basketball_03-09-23_01_38,train,Basketball,2
unc_basketball_03-09-23_01_4,train,Basketball,2
unc_basketball_03-09-23_01_40,train,Basketball,2
unc_basketball_03-09-23_01_42,train,Basketball,2
unc_basketball_03-09-23_01_44,train,Basketball,2
unc_basketball_03-09-23_01_46,train,Basketball,2
unc_basketball_03-09-23_01_48,train,Basketball,2
unc_basketball_03-09-23_01_50,train,Basketball,2
unc_basketball_03-09-23_01_52,train,Basketball,2
unc_basketball_03-09-23_01_54,train,Basketball,2
unc_basketball_03-09-23_01_56,val,Basketball,2
unc_basketball_03-09-23_01_58,val,Basketball,2
unc_basketball_03-09-23_01_6,val,Basketball,2
unc_basketball_03-09-23_01_60,val,Basketball,2
unc_basketball_03-09-23_01_62,val,Basketball,2
unc_basketball_03-09-23_01_64,val,Basketball,2
unc_basketball_03-09-23_01_66,val,Basketball,2
unc_basketball_03-09-23_01_68,val,Basketball,2
unc_basketball_03-09-23_01_70,val,Basketball,2
unc_basketball_03-09-23_01_72,val,Basketball,2
unc_basketball_03-09-23_01_74,val,Basketball,2
unc_basketball_03-09-23_01_76,val,Basketball,2
unc_basketball_03-09-23_01_78,val,Basketball,2
unc_basketball_03-09-23_01_8,val,Basketball,2
unc_basketball_03-09-23_01_80,val,Basketball,2
unc_basketball_03-09-23_01_81,train,Basketball,2
unc_basketball_03-09-23_02_1,val,Basketball,2
unc_basketball_03-09-23_02_10,train,Basketball,2
unc_basketball_03-09-23_02_11,train,Basketball,2
unc_basketball_03-09-23_02_12,train,Basketball,2
unc_basketball_03-09-23_02_16,train,Basketball,2
unc_basketball_03-09-23_02_18,train,Basketball,2
unc_basketball_03-09-23_02_19,train,Basketball,2
unc_basketball_03-09-23_02_2,val,Basketball,2
unc_basketball_03-09-23_02_20,train,Basketball,2
unc_basketball_03-09-23_02_21,train,Basketball,2
unc_basketball_03-09-23_02_22,test,Basketball,2
unc_basketball_03-09-23_02_23,test,Basketball,2
unc_basketball_03-09-23_02_26,test,Basketball,2
unc_basketball_03-09-23_02_27,test,Basketball,2
unc_basketball_03-09-23_02_28,test,Basketball,2
unc_basketball_03-09-23_02_29,test,Basketball,2
unc_basketball_03-09-23_02_3,val,Basketball,2
unc_basketball_03-09-23_02_30,test,Basketball,2
unc_basketball_03-09-23_02_31,test,Basketball,2
unc_basketball_03-09-23_02_32,test,Basketball,2
unc_basketball_03-09-23_02_33,test,Basketball,2
unc_basketball_03-09-23_02_34,test,Basketball,2
unc_basketball_03-09-23_02_35,test,Basketball,2
unc_basketball_03-09-23_02_36,test,Basketball,2
unc_basketball_03-09-23_02_37,test,Basketball,2
unc_basketball_03-09-23_02_38,test,Basketball,2
unc_basketball_03-09-23_02_39,test,Basketball,2
unc_basketball_03-09-23_02_4,train,Basketball,2
unc_basketball_03-09-23_02_40,train,Basketball,2
unc_basketball_03-09-23_02_41,train,Basketball,2
unc_basketball_03-09-23_02_43,train,Basketball,2
unc_basketball_03-09-23_02_44,train,Basketball,2
unc_basketball_03-09-23_02_45,train,Basketball,2
unc_basketball_03-09-23_02_47,train,Basketball,2
unc_basketball_03-09-23_02_5,train,Basketball,2
unc_basketball_03-09-23_02_6,train,Basketball,2
unc_basketball_03-09-23_02_7,train,Basketball,2
unc_basketball_03-09-23_02_9,train,Basketball,2
unc_basketball_03-16-23_01_16,train,Basketball,2
unc_basketball_03-16-23_01_17,train,Basketball,2
unc_basketball_03-16-23_01_18,train,Basketball,2
unc_basketball_03-16-23_01_19,train,Basketball,2
unc_basketball_03-16-23_01_2,test,Basketball,2
unc_basketball_03-16-23_01_20,train,Basketball,2
unc_basketball_03-16-23_01_21,train,Basketball,2
unc_basketball_03-16-23_01_22,train,Basketball,2
unc_basketball_03-16-23_01_23,train,Basketball,2
unc_basketball_03-16-23_01_25,val,Basketball,2
unc_basketball_03-16-23_01_26,val,Basketball,2
unc_basketball_03-16-23_01_27,val,Basketball,2
unc_basketball_03-16-23_01_28,val,Basketball,2
unc_basketball_03-16-23_01_29,val,Basketball,2
unc_basketball_03-16-23_01_3,test,Basketball,2
unc_basketball_03-16-23_01_30,val,Basketball,2
unc_basketball_03-16-23_01_31,val,Basketball,2
unc_basketball_03-16-23_01_32,val,Basketball,2
unc_basketball_03-16-23_01_33,val,Basketball,2
unc_basketball_03-16-23_01_35,train,Basketball,2
unc_basketball_03-16-23_01_36,train,Basketball,2
unc_basketball_03-16-23_01_37,train,Basketball,2
unc_basketball_03-16-23_01_38,train,Basketball,2
unc_basketball_03-16-23_01_39,train,Basketball,2
unc_basketball_03-16-23_01_4,test,Basketball,2
unc_basketball_03-16-23_01_40,train,Basketball,2
unc_basketball_03-16-23_01_41,train,Basketball,2
unc_basketball_03-16-23_01_42,train,Basketball,2
unc_basketball_03-16-23_01_43,train,Basketball,2
unc_basketball_03-16-23_01_5,test,Basketball,2
unc_basketball_03-16-23_01_6,test,Basketball,2
unc_basketball_03-16-23_01_7,test,Basketball,2
unc_basketball_03-16-23_01_8,test,Basketball,2
unc_basketball_03-16-23_01_9,train,Basketball,2
unc_basketball_03-16-23_02_12,train,Basketball,2
unc_basketball_03-16-23_02_13,train,Basketball,2
unc_basketball_03-16-23_02_14,train,Basketball,2
unc_basketball_03-16-23_02_15,train,Basketball,2
unc_basketball_03-16-23_02_16,train,Basketball,2
unc_basketball_03-16-23_02_17,train,Basketball,2
unc_basketball_03-16-23_02_19,train,Basketball,2
unc_basketball_03-16-23_02_2,train,Basketball,2
unc_basketball_03-16-23_02_21,train,Basketball,2
unc_basketball_03-16-23_02_22,train,Basketball,2
unc_basketball_03-16-23_02_25,train,Basketball,2
unc_basketball_03-16-23_02_26,train,Basketball,2
unc_basketball_03-16-23_02_27,train,Basketball,2
unc_basketball_03-16-23_02_28,train,Basketball,2
unc_basketball_03-16-23_02_29,train,Basketball,2
unc_basketball_03-16-23_02_31,train,Basketball,2
unc_basketball_03-16-23_02_32,train,Basketball,2
unc_basketball_03-16-23_02_33,train,Basketball,2
unc_basketball_03-16-23_02_34,train,Basketball,2
unc_basketball_03-16-23_02_35,train,Basketball,2
unc_basketball_03-16-23_02_36,train,Basketball,2
unc_basketball_03-16-23_02_37,train,Basketball,2
unc_basketball_03-16-23_02_38,train,Basketball,2
unc_basketball_03-16-23_02_39,train,Basketball,2
unc_basketball_03-16-23_02_4,train,Basketball,2
unc_basketball_03-16-23_02_5,train,Basketball,2
unc_basketball_03-16-23_02_6,train,Basketball,2
unc_basketball_03-16-23_02_7,train,Basketball,2
unc_basketball_03-16-23_02_8,train,Basketball,2
unc_basketball_03-16-23_02_9,train,Basketball,2
unc_basketball_03-17-23_01_10,train,Basketball,2
unc_basketball_03-17-23_01_11,train,Basketball,2
unc_basketball_03-17-23_01_12,train,Basketball,2
unc_basketball_03-17-23_01_13,train,Basketball,2
unc_basketball_03-17-23_01_14,train,Basketball,2
unc_basketball_03-17-23_01_16,train,Basketball,2
unc_basketball_03-17-23_01_17,train,Basketball,2
unc_basketball_03-17-23_01_18,train,Basketball,2
unc_basketball_03-17-23_01_19,train,Basketball,2
unc_basketball_03-17-23_01_20,train,Basketball,2
unc_basketball_03-17-23_01_21,train,Basketball,2
unc_basketball_03-17-23_01_22,train,Basketball,2
unc_basketball_03-17-23_01_23,train,Basketball,2
unc_basketball_03-17-23_01_24,train,Basketball,2
unc_basketball_03-17-23_01_3,val,Basketball,2
unc_basketball_03-17-23_01_32,test,Basketball,2
unc_basketball_03-17-23_01_33,test,Basketball,2
unc_basketball_03-17-23_01_34,test,Basketball,2
unc_basketball_03-17-23_01_36,test,Basketball,2
unc_basketball_03-17-23_01_37,test,Basketball,2
unc_basketball_03-17-23_01_6,train,Basketball,2
unc_basketball_03-17-23_01_7,train,Basketball,2
unc_basketball_03-17-23_01_8,train,Basketball,2
unc_basketball_03-17-23_01_9,train,Basketball,2
unc_basketball_03-30-23_01_11,train,Basketball,2
unc_basketball_03-30-23_01_12,train,Basketball,2
unc_basketball_03-30-23_01_13,train,Basketball,2
unc_basketball_03-30-23_01_14,train,Basketball,2
unc_basketball_03-30-23_01_15,train,Basketball,2
unc_basketball_03-30-23_01_16,train,Basketball,2
unc_basketball_03-30-23_01_17,train,Basketball,2
unc_basketball_03-30-23_01_18,train,Basketball,2
unc_basketball_03-30-23_01_19,train,Basketball,2
unc_basketball_03-30-23_01_22,val,Basketball,2
unc_basketball_03-30-23_01_23,val,Basketball,2
unc_basketball_03-30-23_01_24,val,Basketball,2
unc_basketball_03-30-23_01_25,val,Basketball,2
unc_basketball_03-30-23_01_27,val,Basketball,2
unc_basketball_03-30-23_01_28,val,Basketball,2
unc_basketball_03-30-23_01_3,train,Basketball,2
unc_basketball_03-30-23_01_30,val,Basketball,2
unc_basketball_03-30-23_01_31,val,Basketball,2
unc_basketball_03-30-23_01_32,val,Basketball,2
unc_basketball_03-30-23_01_33,val,Basketball,2
unc_basketball_03-30-23_01_34,val,Basketball,2
unc_basketball_03-30-23_01_35,val,Basketball,2
unc_basketball_03-30-23_01_36,val,Basketball,2
unc_basketball_03-30-23_01_37,val,Basketball,2
unc_basketball_03-30-23_01_38,val,Basketball,2
unc_basketball_03-30-23_01_40,train,Basketball,2
unc_basketball_03-30-23_01_41,train,Basketball,2
unc_basketball_03-30-23_01_42,train,Basketball,2
unc_basketball_03-30-23_01_44,train,Basketball,2
unc_basketball_03-30-23_01_45,train,Basketball,2
unc_basketball_03-30-23_01_46,train,Basketball,2
unc_basketball_03-30-23_01_47,train,Basketball,2
unc_basketball_03-30-23_01_48,train,Basketball,2
unc_basketball_03-30-23_01_49,train,Basketball,2
unc_basketball_03-30-23_01_50,train,Basketball,2
unc_basketball_03-30-23_01_51,train,Basketball,2
unc_basketball_03-30-23_01_52,train,Basketball,2
unc_basketball_03-30-23_01_53,train,Basketball,2
unc_basketball_03-30-23_01_6,train,Basketball,2
unc_basketball_03-30-23_01_7,train,Basketball,2
unc_basketball_03-30-23_01_9,train,Basketball,2
unc_basketball_03-30-23_02_10,val,Basketball,2
unc_basketball_03-30-23_02_11,val,Basketball,2
unc_basketball_03-30-23_02_12,val,Basketball,2
unc_basketball_03-30-23_02_13,val,Basketball,2
unc_basketball_03-30-23_02_14,val,Basketball,2
unc_basketball_03-30-23_02_15,val,Basketball,2
unc_basketball_03-30-23_02_16,val,Basketball,2
unc_basketball_03-30-23_02_17,val,Basketball,2
unc_basketball_03-30-23_02_18,val,Basketball,2
unc_basketball_03-30-23_02_19,val,Basketball,2
unc_basketball_03-30-23_02_2,val,Basketball,2
unc_basketball_03-30-23_02_21,train,Basketball,2
unc_basketball_03-30-23_02_22,train,Basketball,2
unc_basketball_03-30-23_02_23,train,Basketball,2
unc_basketball_03-30-23_02_24,train,Basketball,2
unc_basketball_03-30-23_02_25,train,Basketball,2
unc_basketball_03-30-23_02_26,train,Basketball,2
unc_basketball_03-30-23_02_27,train,Basketball,2
unc_basketball_03-30-23_02_28,train,Basketball,2
unc_basketball_03-30-23_02_29,train,Basketball,2
unc_basketball_03-30-23_02_3,val,Basketball,2
unc_basketball_03-30-23_02_30,train,Basketball,2
unc_basketball_03-30-23_02_31,train,Basketball,2
unc_basketball_03-30-23_02_32,train,Basketball,2
unc_basketball_03-30-23_02_33,train,Basketball,2
unc_basketball_03-30-23_02_34,train,Basketball,2
unc_basketball_03-30-23_02_35,train,Basketball,2
unc_basketball_03-30-23_02_36,train,Basketball,2
unc_basketball_03-30-23_02_37,train,Basketball,2
unc_basketball_03-30-23_02_38,train,Basketball,2
unc_basketball_03-30-23_02_4,val,Basketball,2
unc_basketball_03-30-23_02_5,val,Basketball,2
unc_basketball_03-30-23_02_6,val,Basketball,2
unc_basketball_03-30-23_02_7,val,Basketball,2
unc_basketball_03-30-23_02_8,val,Basketball,2
unc_basketball_03-30-23_02_9,val,Basketball,2
unc_basketball_03-31-23_01_10,train,Basketball,2
unc_basketball_03-31-23_01_11,train,Basketball,2
unc_basketball_03-31-23_01_12,train,Basketball,2
unc_basketball_03-31-23_01_13,train,Basketball,2
unc_basketball_03-31-23_01_14,train,Basketball,2
unc_basketball_03-31-23_01_15,train,Basketball,2
unc_basketball_03-31-23_01_16,train,Basketball,2
unc_basketball_03-31-23_01_17,train,Basketball,2
unc_basketball_03-31-23_01_18,train,Basketball,2
unc_basketball_03-31-23_01_19,train,Basketball,2
unc_basketball_03-31-23_01_2,train,Basketball,2
unc_basketball_03-31-23_01_21,test,Basketball,2
unc_basketball_03-31-23_01_22,test,Basketball,2
unc_basketball_03-31-23_01_23,test,Basketball,2
unc_basketball_03-31-23_01_24,test,Basketball,2
unc_basketball_03-31-23_01_25,test,Basketball,2
unc_basketball_03-31-23_01_26,test,Basketball,2
unc_basketball_03-31-23_01_27,test,Basketball,2
unc_basketball_03-31-23_01_28,test,Basketball,2
unc_basketball_03-31-23_01_29,test,Basketball,2
unc_basketball_03-31-23_01_3,train,Basketball,2
unc_basketball_03-31-23_01_30,test,Basketball,2
unc_basketball_03-31-23_01_31,test,Basketball,2
unc_basketball_03-31-23_01_32,test,Basketball,2
unc_basketball_03-31-23_01_33,test,Basketball,2
unc_basketball_03-31-23_01_34,test,Basketball,2
unc_basketball_03-31-23_01_35,test,Basketball,2
unc_basketball_03-31-23_01_36,test,Basketball,2
unc_basketball_03-31-23_01_37,test,Basketball,2
unc_basketball_03-31-23_01_38,test,Basketball,2
unc_basketball_03-31-23_01_4,train,Basketball,2
unc_basketball_03-31-23_01_40,train,Basketball,2
unc_basketball_03-31-23_01_41,train,Basketball,2
unc_basketball_03-31-23_01_42,train,Basketball,2
unc_basketball_03-31-23_01_43,train,Basketball,2
unc_basketball_03-31-23_01_44,train,Basketball,2
unc_basketball_03-31-23_01_45,train,Basketball,2
unc_basketball_03-31-23_01_46,train,Basketball,2
unc_basketball_03-31-23_01_47,train,Basketball,2
unc_basketball_03-31-23_01_48,train,Basketball,2
unc_basketball_03-31-23_01_49,train,Basketball,2
unc_basketball_03-31-23_01_5,train,Basketball,2
unc_basketball_03-31-23_01_50,train,Basketball,2
unc_basketball_03-31-23_01_51,train,Basketball,2
unc_basketball_03-31-23_01_52,train,Basketball,2
unc_basketball_03-31-23_01_53,train,Basketball,2
unc_basketball_03-31-23_01_54,train,Basketball,2
unc_basketball_03-31-23_01_55,train,Basketball,2
unc_basketball_03-31-23_01_56,train,Basketball,2
unc_basketball_03-31-23_01_57,train,Basketball,2
unc_basketball_03-31-23_01_6,train,Basketball,2
unc_basketball_03-31-23_01_7,train,Basketball,2
unc_basketball_03-31-23_01_8,train,Basketball,2
unc_basketball_03-31-23_01_9,train,Basketball,2
unc_basketball_03-31-23_02_10,train,Basketball,2
unc_basketball_03-31-23_02_11,train,Basketball,2
unc_basketball_03-31-23_02_12,train,Basketball,2
unc_basketball_03-31-23_02_13,train,Basketball,2
unc_basketball_03-31-23_02_14,train,Basketball,2
unc_basketball_03-31-23_02_15,train,Basketball,2
unc_basketball_03-31-23_02_16,train,Basketball,2
unc_basketball_03-31-23_02_17,train,Basketball,2
unc_basketball_03-31-23_02_18,train,Basketball,2
unc_basketball_03-31-23_02_19,train,Basketball,2
unc_basketball_03-31-23_02_2,train,Basketball,2
unc_basketball_03-31-23_02_21,train,Basketball,2
unc_basketball_03-31-23_02_23,train,Basketball,2
unc_basketball_03-31-23_02_25,train,Basketball,2
unc_basketball_03-31-23_02_26,train,Basketball,2
unc_basketball_03-31-23_02_27,train,Basketball,2
unc_basketball_03-31-23_02_29,train,Basketball,2
unc_basketball_03-31-23_02_3,train,Basketball,2
unc_basketball_03-31-23_02_30,train,Basketball,2
unc_basketball_03-31-23_02_31,train,Basketball,2
unc_basketball_03-31-23_02_32,train,Basketball,2
unc_basketball_03-31-23_02_33,train,Basketball,2
unc_basketball_03-31-23_02_34,train,Basketball,2
unc_basketball_03-31-23_02_35,train,Basketball,2
unc_basketball_03-31-23_02_36,train,Basketball,2
unc_basketball_03-31-23_02_37,train,Basketball,2
unc_basketball_03-31-23_02_38,train,Basketball,2
unc_basketball_03-31-23_02_39,train,Basketball,2
unc_basketball_03-31-23_02_4,train,Basketball,2
unc_basketball_03-31-23_02_40,train,Basketball,2
unc_basketball_03-31-23_02_42,train,Basketball,2
unc_basketball_03-31-23_02_43,train,Basketball,2
unc_basketball_03-31-23_02_45,train,Basketball,2
unc_basketball_03-31-23_02_5,train,Basketball,2
unc_basketball_03-31-23_02_6,train,Basketball,2
unc_basketball_03-31-23_02_7,train,Basketball,2
unc_basketball_03-31-23_02_8,train,Basketball,2
unc_basketball_03-31-23_02_9,train,Basketball,2
unc_music_04-26-23_02_10,test,Music,6
unc_music_04-26-23_02_11,test,Music,6
unc_music_04-26-23_02_12,test,Music,6
unc_music_04-26-23_02_13,test,Music,6
unc_music_04-26-23_02_2,test,Music,6
unc_music_04-26-23_02_3,test,Music,6
unc_music_04-26-23_02_6,train,Music,6
unc_music_04-26-23_02_7,train,Music,6
unc_soccer_09-21-23_01_10,val,Soccer,5
unc_soccer_09-21-23_01_11,val,Soccer,5
unc_soccer_09-21-23_01_12,val,Soccer,5
unc_soccer_09-21-23_01_13,val,Soccer,5
unc_soccer_09-21-23_01_14,val,Soccer,5
unc_soccer_09-21-23_01_15,val,Soccer,5
unc_soccer_09-21-23_01_17,val,Soccer,5
unc_soccer_09-21-23_01_18,val,Soccer,5
unc_soccer_09-21-23_01_19,val,Soccer,5
unc_soccer_09-21-23_01_20,val,Soccer,5
unc_soccer_09-21-23_01_22,val,Soccer,5
unc_soccer_09-21-23_01_24,test,Soccer,5
unc_soccer_09-21-23_01_26,test,Soccer,5
unc_soccer_09-21-23_01_27,test,Soccer,5
unc_soccer_09-21-23_01_28,test,Soccer,5
unc_soccer_09-21-23_01_29,test,Soccer,5
unc_soccer_09-21-23_01_30,test,Soccer,5
unc_soccer_09-21-23_01_31,test,Soccer,5
unc_soccer_09-21-23_01_33,test,Soccer,5
unc_soccer_09-21-23_01_34,test,Soccer,5
unc_soccer_09-21-23_01_35,test,Soccer,5
unc_soccer_09-21-23_01_36,test,Soccer,5
unc_soccer_09-21-23_01_38,train,Soccer,5
unc_soccer_09-21-23_01_39,train,Soccer,5
unc_soccer_09-21-23_01_4,val,Soccer,5
unc_soccer_09-21-23_01_40,train,Soccer,5
unc_soccer_09-21-23_01_42,train,Soccer,5
unc_soccer_09-21-23_01_45,train,Soccer,5
unc_soccer_09-21-23_01_48,train,Soccer,5
unc_soccer_09-21-23_01_49,train,Soccer,5
unc_soccer_09-21-23_01_5,val,Soccer,5
unc_soccer_09-21-23_01_50,train,Soccer,5
unc_soccer_09-21-23_01_6,val,Soccer,5
unc_soccer_09-21-23_01_7,val,Soccer,5
unc_soccer_09-21-23_01_9,val,Soccer,5
unc_soccer_09-22-23_01_10,train,Soccer,5
unc_soccer_09-22-23_01_12,train,Soccer,5
unc_soccer_09-22-23_01_13,train,Soccer,5
unc_soccer_09-22-23_01_14,train,Soccer,5
unc_soccer_09-22-23_01_15,train,Soccer,5
unc_soccer_09-22-23_01_17,test,Soccer,5
unc_soccer_09-22-23_01_18,test,Soccer,5
unc_soccer_09-22-23_01_19,test,Soccer,5
unc_soccer_09-22-23_01_2,train,Soccer,5
unc_soccer_09-22-23_01_21,test,Soccer,5
unc_soccer_09-22-23_01_22,test,Soccer,5
unc_soccer_09-22-23_01_23,test,Soccer,5
unc_soccer_09-22-23_01_24,test,Soccer,5
unc_soccer_09-22-23_01_25,test,Soccer,5
unc_soccer_09-22-23_01_27,test,Soccer,5
unc_soccer_09-22-23_01_29,test,Soccer,5
unc_soccer_09-22-23_01_3,train,Soccer,5
unc_soccer_09-22-23_01_30,test,Soccer,5
unc_soccer_09-22-23_01_31,train,Soccer,5
unc_soccer_09-22-23_01_32,train,Soccer,5
unc_soccer_09-22-23_01_4,train,Soccer,5
unc_soccer_09-22-23_01_5,train,Soccer,5
unc_soccer_09-22-23_01_7,train,Soccer,5
unc_soccer_09-22-23_01_8,train,Soccer,5
unc_soccer_09-22-23_01_9,train,Soccer,5
unc_soccer_09-22-23_02_10,train,Soccer,5
unc_soccer_09-22-23_02_11,train,Soccer,5
unc_soccer_09-22-23_02_12,train,Soccer,5
unc_soccer_09-22-23_02_13,train,Soccer,5
unc_soccer_09-22-23_02_15,train,Soccer,5
unc_soccer_09-22-23_02_17,test,Soccer,5
unc_soccer_09-22-23_02_18,test,Soccer,5
unc_soccer_09-22-23_02_19,test,Soccer,5
unc_soccer_09-22-23_02_2,train,Soccer,5
unc_soccer_09-22-23_02_20,test,Soccer,5
unc_soccer_09-22-23_02_22,test,Soccer,5
unc_soccer_09-22-23_02_25,test,Soccer,5
unc_soccer_09-22-23_02_26,test,Soccer,5
unc_soccer_09-22-23_02_28,test,Soccer,5
unc_soccer_09-22-23_02_29,test,Soccer,5
unc_soccer_09-22-23_02_30,test,Soccer,5
unc_soccer_09-22-23_02_32,train,Soccer,5
unc_soccer_09-22-23_02_33,train,Soccer,5
unc_soccer_09-22-23_02_4,train,Soccer,5
unc_soccer_09-22-23_02_5,train,Soccer,5
unc_soccer_09-22-23_02_6,train,Soccer,5
unc_soccer_09-22-23_02_7,train,Soccer,5
uniandes_basketball_001_10,train,Basketball,2
uniandes_basketball_001_11,train,Basketball,2
uniandes_basketball_001_12,train,Basketball,2
uniandes_basketball_001_13,train,Basketball,2
uniandes_basketball_001_14,train,Basketball,2
uniandes_basketball_001_16,test,Basketball,2
uniandes_basketball_001_17,test,Basketball,2
uniandes_basketball_001_18,test,Basketball,2
uniandes_basketball_001_19,test,Basketball,2
uniandes_basketball_001_2,train,Basketball,2
uniandes_basketball_001_20,test,Basketball,2
uniandes_basketball_001_21,test,Basketball,2
uniandes_basketball_001_23,val,Basketball,2
uniandes_basketball_001_24,val,Basketball,2
uniandes_basketball_001_25,val,Basketball,2
uniandes_basketball_001_26,val,Basketball,2
uniandes_basketball_001_27,val,Basketball,2
uniandes_basketball_001_28,val,Basketball,2
uniandes_basketball_001_3,train,Basketball,2
uniandes_basketball_001_30,train,Basketball,2
uniandes_basketball_001_31,train,Basketball,2
uniandes_basketball_001_32,train,Basketball,2
uniandes_basketball_001_33,train,Basketball,2
uniandes_basketball_001_34,train,Basketball,2
uniandes_basketball_001_35,train,Basketball,2
uniandes_basketball_001_37,test,Basketball,2
uniandes_basketball_001_38,test,Basketball,2
uniandes_basketball_001_39,test,Basketball,2
uniandes_basketball_001_4,train,Basketball,2
uniandes_basketball_001_40,test,Basketball,2
uniandes_basketball_001_41,test,Basketball,2
uniandes_basketball_001_42,test,Basketball,2
uniandes_basketball_001_5,train,Basketball,2
uniandes_basketball_001_6,train,Basketball,2
uniandes_basketball_001_7,train,Basketball,2
uniandes_basketball_001_9,train,Basketball,2
uniandes_basketball_002_10,train,Basketball,2
uniandes_basketball_002_11,train,Basketball,2
uniandes_basketball_002_12,train,Basketball,2
uniandes_basketball_002_13,train,Basketball,2
uniandes_basketball_002_14,train,Basketball,2
uniandes_basketball_002_16,train,Basketball,2
uniandes_basketball_002_17,train,Basketball,2
uniandes_basketball_002_18,train,Basketball,2
uniandes_basketball_002_19,train,Basketball,2
uniandes_basketball_002_2,train,Basketball,2
uniandes_basketball_002_20,train,Basketball,2
uniandes_basketball_002_21,train,Basketball,2
uniandes_basketball_002_23,train,Basketball,2
uniandes_basketball_002_24,train,Basketball,2
uniandes_basketball_002_25,train,Basketball,2
uniandes_basketball_002_26,train,Basketball,2
uniandes_basketball_002_27,train,Basketball,2
uniandes_basketball_002_28,train,Basketball,2
uniandes_basketball_002_29,train,Basketball,2
uniandes_basketball_002_3,train,Basketball,2
uniandes_basketball_002_4,train,Basketball,2
uniandes_basketball_002_5,train,Basketball,2
uniandes_basketball_002_6,train,Basketball,2
uniandes_basketball_002_7,train,Basketball,2
uniandes_basketball_002_9,train,Basketball,2
uniandes_basketball_003_10,train,Basketball,2
uniandes_basketball_003_11,train,Basketball,2
uniandes_basketball_003_12,train,Basketball,2
uniandes_basketball_003_13,train,Basketball,2
uniandes_basketball_003_14,train,Basketball,2
uniandes_basketball_003_16,train,Basketball,2
uniandes_basketball_003_17,train,Basketball,2
uniandes_basketball_003_18,train,Basketball,2
uniandes_basketball_003_19,train,Basketball,2
uniandes_basketball_003_2,train,Basketball,2
uniandes_basketball_003_20,train,Basketball,2
uniandes_basketball_003_21,train,Basketball,2
uniandes_basketball_003_23,train,Basketball,2
uniandes_basketball_003_24,train,Basketball,2
uniandes_basketball_003_25,train,Basketball,2
uniandes_basketball_003_26,train,Basketball,2
uniandes_basketball_003_28,train,Basketball,2
uniandes_basketball_003_29,train,Basketball,2
uniandes_basketball_003_3,train,Basketball,2
uniandes_basketball_003_31,train,Basketball,2
uniandes_basketball_003_32,train,Basketball,2
uniandes_basketball_003_33,train,Basketball,2
uniandes_basketball_003_35,train,Basketball,2
uniandes_basketball_003_36,train,Basketball,2
uniandes_basketball_003_38,val,Basketball,2
uniandes_basketball_003_39,val,Basketball,2
uniandes_basketball_003_4,train,Basketball,2
uniandes_basketball_003_40,val,Basketball,2
uniandes_basketball_003_41,val,Basketball,2
uniandes_basketball_003_42,val,Basketball,2
uniandes_basketball_003_43,val,Basketball,2
uniandes_basketball_003_45,train,Basketball,2
uniandes_basketball_003_46,train,Basketball,2
uniandes_basketball_003_47,train,Basketball,2
uniandes_basketball_003_48,train,Basketball,2
uniandes_basketball_003_49,train,Basketball,2
uniandes_basketball_003_5,train,Basketball,2
uniandes_basketball_003_50,train,Basketball,2
uniandes_basketball_003_52,test,Basketball,2
uniandes_basketball_003_53,test,Basketball,2
uniandes_basketball_003_54,test,Basketball,2
uniandes_basketball_003_55,test,Basketball,2
uniandes_basketball_003_56,test,Basketball,2
uniandes_basketball_003_57,test,Basketball,2
uniandes_basketball_003_6,train,Basketball,2
uniandes_basketball_003_7,train,Basketball,2
uniandes_basketball_003_9,train,Basketball,2
uniandes_basketball_004_10,test,Basketball,2
uniandes_basketball_004_11,test,Basketball,2
uniandes_basketball_004_12,test,Basketball,2
uniandes_basketball_004_15,train,Basketball,2
uniandes_basketball_004_16,train,Basketball,2
uniandes_basketball_004_17,train,Basketball,2
uniandes_basketball_004_19,test,Basketball,2
uniandes_basketball_004_2,train,Basketball,2
uniandes_basketball_004_20,test,Basketball,2
uniandes_basketball_004_21,test,Basketball,2
uniandes_basketball_004_23,val,Basketball,2
uniandes_basketball_004_24,val,Basketball,2
uniandes_basketball_004_25,val,Basketball,2
uniandes_basketball_004_27,test,Basketball,2
uniandes_basketball_004_29,test,Basketball,2
uniandes_basketball_004_3,train,Basketball,2
uniandes_basketball_004_30,test,Basketball,2
uniandes_basketball_004_32,test,Basketball,2
uniandes_basketball_004_33,test,Basketball,2
uniandes_basketball_004_34,test,Basketball,2
uniandes_basketball_004_36,train,Basketball,2
uniandes_basketball_004_37,train,Basketball,2
uniandes_basketball_004_38,train,Basketball,2
uniandes_basketball_004_4,train,Basketball,2
uniandes_basketball_004_40,train,Basketball,2
uniandes_basketball_004_41,train,Basketball,2
uniandes_basketball_004_42,train,Basketball,2
uniandes_basketball_004_44,val,Basketball,2
uniandes_basketball_004_45,val,Basketball,2
uniandes_basketball_004_46,val,Basketball,2
uniandes_basketball_004_48,train,Basketball,2
uniandes_basketball_004_49,train,Basketball,2
uniandes_basketball_004_50,train,Basketball,2
uniandes_basketball_004_52,test,Basketball,2
uniandes_basketball_004_53,test,Basketball,2
uniandes_basketball_004_54,test,Basketball,2
uniandes_basketball_004_56,train,Basketball,2
uniandes_basketball_004_57,train,Basketball,2
uniandes_basketball_004_58,train,Basketball,2
uniandes_basketball_004_6,train,Basketball,2
uniandes_basketball_004_60,train,Basketball,2
uniandes_basketball_004_61,train,Basketball,2
uniandes_basketball_004_62,train,Basketball,2
uniandes_basketball_004_7,train,Basketball,2
uniandes_basketball_004_8,train,Basketball,2
uniandes_basketball_005_10,train,Basketball,2
uniandes_basketball_005_11,train,Basketball,2
uniandes_basketball_005_12,train,Basketball,2
uniandes_basketball_005_14,test,Basketball,2
uniandes_basketball_005_15,test,Basketball,2
uniandes_basketball_005_16,test,Basketball,2
uniandes_basketball_005_18,train,Basketball,2
uniandes_basketball_005_19,train,Basketball,2
uniandes_basketball_005_2,train,Basketball,2
uniandes_basketball_005_20,train,Basketball,2
uniandes_basketball_005_3,train,Basketball,2
uniandes_basketball_005_4,train,Basketball,2
uniandes_basketball_005_6,train,Basketball,2
uniandes_basketball_005_7,train,Basketball,2
uniandes_basketball_005_8,train,Basketball,2
uniandes_bouldering_003_10,test,Rock Climbing,3
uniandes_bouldering_003_11,test,Rock Climbing,3
uniandes_bouldering_003_13,train,Rock Climbing,3
uniandes_bouldering_003_14,train,Rock Climbing,3
uniandes_bouldering_003_16,val,Rock Climbing,3
uniandes_bouldering_003_17,val,Rock Climbing,3
uniandes_bouldering_003_19,train,Rock Climbing,3
uniandes_bouldering_003_2,train,Rock Climbing,3
uniandes_bouldering_003_3,train,Rock Climbing,3
uniandes_bouldering_003_5,train,Rock Climbing,3
uniandes_bouldering_003_6,train,Rock Climbing,3
uniandes_bouldering_003_8,train,Rock Climbing,3
uniandes_bouldering_004_10,train,Rock Climbing,3
uniandes_bouldering_004_11,train,Rock Climbing,3
uniandes_bouldering_004_12,train,Rock Climbing,3
uniandes_bouldering_004_14,test,Rock Climbing,3
uniandes_bouldering_004_16,train,Rock Climbing,3
uniandes_bouldering_004_17,train,Rock Climbing,3
uniandes_bouldering_004_19,test,Rock Climbing,3
uniandes_bouldering_004_2,train,Rock Climbing,3
uniandes_bouldering_004_20,test,Rock Climbing,3
uniandes_bouldering_004_21,test,Rock Climbing,3
uniandes_bouldering_004_22,test,Rock Climbing,3
uniandes_bouldering_004_24,train,Rock Climbing,3
uniandes_bouldering_004_25,train,Rock Climbing,3
uniandes_bouldering_004_26,train,Rock Climbing,3
uniandes_bouldering_004_27,train,Rock Climbing,3
uniandes_bouldering_004_29,val,Rock Climbing,3
uniandes_bouldering_004_3,train,Rock Climbing,3
uniandes_bouldering_004_30,val,Rock Climbing,3
uniandes_bouldering_004_31,val,Rock Climbing,3
uniandes_bouldering_004_33,train,Rock Climbing,3
uniandes_bouldering_004_34,train,Rock Climbing,3
uniandes_bouldering_004_35,train,Rock Climbing,3
uniandes_bouldering_004_37,test,Rock Climbing,3
uniandes_bouldering_004_38,test,Rock Climbing,3
uniandes_bouldering_004_39,test,Rock Climbing,3
uniandes_bouldering_004_4,train,Rock Climbing,3
uniandes_bouldering_004_40,test,Rock Climbing,3
uniandes_bouldering_004_41,test,Rock Climbing,3
uniandes_bouldering_004_43,train,Rock Climbing,3
uniandes_bouldering_004_44,train,Rock Climbing,3
uniandes_bouldering_004_45,train,Rock Climbing,3
uniandes_bouldering_004_46,train,Rock Climbing,3
uniandes_bouldering_004_48,test,Rock Climbing,3
uniandes_bouldering_004_49,test,Rock Climbing,3
uniandes_bouldering_004_50,test,Rock Climbing,3
uniandes_bouldering_004_51,test,Rock Climbing,3
uniandes_bouldering_004_7,val,Rock Climbing,3
uniandes_bouldering_004_8,val,Rock Climbing,3
uniandes_bouldering_012_11,train,Rock Climbing,3
uniandes_bouldering_012_12,train,Rock Climbing,3
uniandes_bouldering_012_13,train,Rock Climbing,3
uniandes_bouldering_012_14,train,Rock Climbing,3
uniandes_bouldering_012_15,train,Rock Climbing,3
uniandes_bouldering_012_16,train,Rock Climbing,3
uniandes_bouldering_012_18,test,Rock Climbing,3
uniandes_bouldering_012_19,test,Rock Climbing,3
uniandes_bouldering_012_2,val,Rock Climbing,3
uniandes_bouldering_012_21,val,Rock Climbing,3
uniandes_bouldering_012_23,train,Rock Climbing,3
uniandes_bouldering_012_25,train,Rock Climbing,3
uniandes_bouldering_012_27,train,Rock Climbing,3
uniandes_bouldering_012_28,train,Rock Climbing,3
uniandes_bouldering_012_29,train,Rock Climbing,3
uniandes_bouldering_012_3,val,Rock Climbing,3
uniandes_bouldering_012_30,train,Rock Climbing,3
uniandes_bouldering_012_32,test,Rock Climbing,3
uniandes_bouldering_012_33,test,Rock Climbing,3
uniandes_bouldering_012_35,val,Rock Climbing,3
uniandes_bouldering_012_37,train,Rock Climbing,3
uniandes_bouldering_012_39,train,Rock Climbing,3
uniandes_bouldering_012_4,val,Rock Climbing,3
uniandes_bouldering_012_41,train,Rock Climbing,3
uniandes_bouldering_012_42,train,Rock Climbing,3
uniandes_bouldering_012_43,train,Rock Climbing,3
uniandes_bouldering_012_44,train,Rock Climbing,3
uniandes_bouldering_012_45,train,Rock Climbing,3
uniandes_bouldering_012_47,test,Rock Climbing,3
uniandes_bouldering_012_6,train,Rock Climbing,3
uniandes_bouldering_012_8,train,Rock Climbing,3
uniandes_bouldering_012_9,train,Rock Climbing,3
uniandes_bouldering_013_10,train,Rock Climbing,3
uniandes_bouldering_013_12,train,Rock Climbing,3
uniandes_bouldering_013_14,train,Rock Climbing,3
uniandes_bouldering_013_16,train,Rock Climbing,3
uniandes_bouldering_013_18,test,Rock Climbing,3
uniandes_bouldering_013_2,val,Rock Climbing,3
uniandes_bouldering_013_20,train,Rock Climbing,3
uniandes_bouldering_013_21,train,Rock Climbing,3
uniandes_bouldering_013_23,val,Rock Climbing,3
uniandes_bouldering_013_25,val,Rock Climbing,3
uniandes_bouldering_013_26,val,Rock Climbing,3
uniandes_bouldering_013_28,test,Rock Climbing,3
uniandes_bouldering_013_29,train,Rock Climbing,3
uniandes_bouldering_013_3,val,Rock Climbing,3
uniandes_bouldering_013_30,train,Rock Climbing,3
uniandes_bouldering_013_32,test,Rock Climbing,3
uniandes_bouldering_013_35,train,Rock Climbing,3
uniandes_bouldering_013_37,train,Rock Climbing,3
uniandes_bouldering_013_39,train,Rock Climbing,3
uniandes_bouldering_013_41,train,Rock Climbing,3
uniandes_bouldering_013_43,test,Rock Climbing,3
uniandes_bouldering_013_45,train,Rock Climbing,3
uniandes_bouldering_013_5,test,Rock Climbing,3
uniandes_bouldering_013_7,train,Rock Climbing,3
uniandes_bouldering_013_9,train,Rock Climbing,3
uniandes_bouldering_014_10,test,Rock Climbing,3
uniandes_bouldering_014_12,train,Rock Climbing,3
uniandes_bouldering_014_14,train,Rock Climbing,3
uniandes_bouldering_014_16,train,Rock Climbing,3
uniandes_bouldering_014_2,val,Rock Climbing,3
uniandes_bouldering_014_3,val,Rock Climbing,3
uniandes_bouldering_014_4,val,Rock Climbing,3
uniandes_bouldering_014_6,test,Rock Climbing,3
uniandes_bouldering_014_8,test,Rock Climbing,3
uniandes_bouldering_015_10,val,Rock Climbing,3
uniandes_bouldering_015_12,test,Rock Climbing,3
uniandes_bouldering_015_14,test,Rock Climbing,3
uniandes_bouldering_015_16,test,Rock Climbing,3
uniandes_bouldering_015_18,train,Rock Climbing,3
uniandes_bouldering_015_2,test,Rock Climbing,3
uniandes_bouldering_015_20,train,Rock Climbing,3
uniandes_bouldering_015_21,train,Rock Climbing,3
uniandes_bouldering_015_22,train,Rock Climbing,3
uniandes_bouldering_015_24,train,Rock Climbing,3
uniandes_bouldering_015_27,train,Rock Climbing,3
uniandes_bouldering_015_28,train,Rock Climbing,3
uniandes_bouldering_015_30,test,Rock Climbing,3
uniandes_bouldering_015_32,train,Rock Climbing,3
uniandes_bouldering_015_33,train,Rock Climbing,3
uniandes_bouldering_015_35,val,Rock Climbing,3
uniandes_bouldering_015_36,val,Rock Climbing,3
uniandes_bouldering_015_38,test,Rock Climbing,3
uniandes_bouldering_015_39,test,Rock Climbing,3
uniandes_bouldering_015_4,train,Rock Climbing,3
uniandes_bouldering_015_41,train,Rock Climbing,3
uniandes_bouldering_015_43,train,Rock Climbing,3
uniandes_bouldering_015_45,train,Rock Climbing,3
uniandes_bouldering_015_47,test,Rock Climbing,3
uniandes_bouldering_015_49,train,Rock Climbing,3
uniandes_bouldering_015_6,val,Rock Climbing,3
uniandes_bouldering_015_8,val,Rock Climbing,3
uniandes_bouldering_017_11,val,Rock Climbing,3
uniandes_bouldering_017_13,train,Rock Climbing,3
uniandes_bouldering_017_15,test,Rock Climbing,3
uniandes_bouldering_017_17,train,Rock Climbing,3
uniandes_bouldering_017_19,train,Rock Climbing,3
uniandes_bouldering_017_2,test,Rock Climbing,3
uniandes_bouldering_017_3,test,Rock Climbing,3
uniandes_bouldering_017_5,train,Rock Climbing,3
uniandes_bouldering_017_7,train,Rock Climbing,3
uniandes_bouldering_017_9,train,Rock Climbing,3
uniandes_bouldering_018_11,train,Rock Climbing,3
uniandes_bouldering_018_13,train,Rock Climbing,3
uniandes_bouldering_018_15,train,Rock Climbing,3
uniandes_bouldering_018_17,val,Rock Climbing,3
uniandes_bouldering_018_19,train,Rock Climbing,3
uniandes_bouldering_018_2,train,Rock Climbing,3
uniandes_bouldering_018_21,test,Rock Climbing,3
uniandes_bouldering_018_23,train,Rock Climbing,3
uniandes_bouldering_018_25,train,Rock Climbing,3
uniandes_bouldering_018_27,train,Rock Climbing,3
uniandes_bouldering_018_28,train,Rock Climbing,3
uniandes_bouldering_018_3,train,Rock Climbing,3
uniandes_bouldering_018_30,val,Rock Climbing,3
uniandes_bouldering_018_32,train,Rock Climbing,3
uniandes_bouldering_018_34,test,Rock Climbing,3
uniandes_bouldering_018_36,train,Rock Climbing,3
uniandes_bouldering_018_38,train,Rock Climbing,3
uniandes_bouldering_018_5,val,Rock Climbing,3
uniandes_bouldering_018_7,train,Rock Climbing,3
uniandes_bouldering_018_9,test,Rock Climbing,3
uniandes_bouldering_019_11,train,Rock Climbing,3
uniandes_bouldering_019_12,train,Rock Climbing,3
uniandes_bouldering_019_13,train,Rock Climbing,3
uniandes_bouldering_019_14,train,Rock Climbing,3
uniandes_bouldering_019_15,train,Rock Climbing,3
uniandes_bouldering_019_17,test,Rock Climbing,3
uniandes_bouldering_019_18,test,Rock Climbing,3
uniandes_bouldering_019_19,test,Rock Climbing,3
uniandes_bouldering_019_2,train,Rock Climbing,3
uniandes_bouldering_019_20,test,Rock Climbing,3
uniandes_bouldering_019_22,train,Rock Climbing,3
uniandes_bouldering_019_3,train,Rock Climbing,3
uniandes_bouldering_019_4,train,Rock Climbing,3
uniandes_bouldering_019_6,val,Rock Climbing,3
uniandes_bouldering_019_7,val,Rock Climbing,3
uniandes_bouldering_019_8,val,Rock Climbing,3
uniandes_bouldering_019_9,val,Rock Climbing,3
uniandes_bouldering_022_11,train,Rock Climbing,3
uniandes_bouldering_022_13,train,Rock Climbing,3
uniandes_bouldering_022_14,train,Rock Climbing,3
uniandes_bouldering_022_15,train,Rock Climbing,3
uniandes_bouldering_022_16,train,Rock Climbing,3
uniandes_bouldering_022_18,val,Rock Climbing,3
uniandes_bouldering_022_2,val,Rock Climbing,3
uniandes_bouldering_022_20,train,Rock Climbing,3
uniandes_bouldering_022_21,train,Rock Climbing,3
uniandes_bouldering_022_22,train,Rock Climbing,3
uniandes_bouldering_022_23,train,Rock Climbing,3
uniandes_bouldering_022_24,train,Rock Climbing,3
uniandes_bouldering_022_25,train,Rock Climbing,3
uniandes_bouldering_022_26,train,Rock Climbing,3
uniandes_bouldering_022_28,train,Rock Climbing,3
uniandes_bouldering_022_3,val,Rock Climbing,3
uniandes_bouldering_022_30,train,Rock Climbing,3
uniandes_bouldering_022_31,train,Rock Climbing,3
uniandes_bouldering_022_32,train,Rock Climbing,3
uniandes_bouldering_022_33,train,Rock Climbing,3
uniandes_bouldering_022_34,train,Rock Climbing,3
uniandes_bouldering_022_35,train,Rock Climbing,3
uniandes_bouldering_022_37,val,Rock Climbing,3
uniandes_bouldering_022_38,val,Rock Climbing,3
uniandes_bouldering_022_39,val,Rock Climbing,3
uniandes_bouldering_022_40,train,Rock Climbing,3
uniandes_bouldering_022_41,train,Rock Climbing,3
uniandes_bouldering_022_43,train,Rock Climbing,3
uniandes_bouldering_022_45,train,Rock Climbing,3
uniandes_bouldering_022_47,train,Rock Climbing,3
uniandes_bouldering_022_48,train,Rock Climbing,3
uniandes_bouldering_022_49,train,Rock Climbing,3
uniandes_bouldering_022_50,train,Rock Climbing,3
uniandes_bouldering_022_51,train,Rock Climbing,3
uniandes_bouldering_022_53,val,Rock Climbing,3
uniandes_bouldering_022_55,val,Rock Climbing,3
uniandes_bouldering_022_56,val,Rock Climbing,3
uniandes_bouldering_022_57,train,Rock Climbing,3
uniandes_bouldering_022_58,train,Rock Climbing,3
uniandes_bouldering_022_6,train,Rock Climbing,3
uniandes_bouldering_022_60,train,Rock Climbing,3
uniandes_bouldering_022_61,train,Rock Climbing,3
uniandes_bouldering_022_62,train,Rock Climbing,3
uniandes_bouldering_022_63,train,Rock Climbing,3
uniandes_bouldering_022_64,train,Rock Climbing,3
uniandes_bouldering_022_65,train,Rock Climbing,3
uniandes_bouldering_022_66,train,Rock Climbing,3
uniandes_bouldering_022_67,train,Rock Climbing,3
uniandes_bouldering_022_69,train,Rock Climbing,3
uniandes_bouldering_022_7,train,Rock Climbing,3
uniandes_bouldering_022_71,train,Rock Climbing,3
uniandes_bouldering_022_72,train,Rock Climbing,3
uniandes_bouldering_022_73,train,Rock Climbing,3
uniandes_bouldering_022_74,train,Rock Climbing,3
uniandes_bouldering_022_76,train,Rock Climbing,3
uniandes_bouldering_022_77,train,Rock Climbing,3
uniandes_bouldering_022_78,train,Rock Climbing,3
uniandes_bouldering_022_8,train,Rock Climbing,3
uniandes_bouldering_023_10,train,Rock Climbing,3
uniandes_bouldering_023_12,train,Rock Climbing,3
uniandes_bouldering_023_15,train,Rock Climbing,3
uniandes_bouldering_023_16,train,Rock Climbing,3
uniandes_bouldering_023_17,train,Rock Climbing,3
uniandes_bouldering_023_18,train,Rock Climbing,3
uniandes_bouldering_023_19,train,Rock Climbing,3
uniandes_bouldering_023_2,val,Rock Climbing,3
uniandes_bouldering_023_21,train,Rock Climbing,3
uniandes_bouldering_023_23,train,Rock Climbing,3
uniandes_bouldering_023_25,train,Rock Climbing,3
uniandes_bouldering_023_26,train,Rock Climbing,3
uniandes_bouldering_023_27,train,Rock Climbing,3
uniandes_bouldering_023_29,val,Rock Climbing,3
uniandes_bouldering_023_3,val,Rock Climbing,3
uniandes_bouldering_023_31,train,Rock Climbing,3
uniandes_bouldering_023_32,train,Rock Climbing,3
uniandes_bouldering_023_33,train,Rock Climbing,3
uniandes_bouldering_023_36,train,Rock Climbing,3
uniandes_bouldering_023_38,train,Rock Climbing,3
uniandes_bouldering_023_39,train,Rock Climbing,3
uniandes_bouldering_023_4,val,Rock Climbing,3
uniandes_bouldering_023_40,train,Rock Climbing,3
uniandes_bouldering_023_41,train,Rock Climbing,3
uniandes_bouldering_023_42,train,Rock Climbing,3
uniandes_bouldering_023_43,train,Rock Climbing,3
uniandes_bouldering_023_44,train,Rock Climbing,3
uniandes_bouldering_023_46,train,Rock Climbing,3
uniandes_bouldering_023_48,train,Rock Climbing,3
uniandes_bouldering_023_49,train,Rock Climbing,3
uniandes_bouldering_023_50,train,Rock Climbing,3
uniandes_bouldering_023_52,val,Rock Climbing,3
uniandes_bouldering_023_54,val,Rock Climbing,3
uniandes_bouldering_023_56,train,Rock Climbing,3
uniandes_bouldering_023_57,train,Rock Climbing,3
uniandes_bouldering_023_58,train,Rock Climbing,3
uniandes_bouldering_023_6,train,Rock Climbing,3
uniandes_bouldering_023_60,train,Rock Climbing,3
uniandes_bouldering_023_62,train,Rock Climbing,3
uniandes_bouldering_023_63,train,Rock Climbing,3
uniandes_bouldering_023_64,train,Rock Climbing,3
uniandes_bouldering_023_65,train,Rock Climbing,3
uniandes_bouldering_023_68,val,Rock Climbing,3
uniandes_bouldering_023_69,val,Rock Climbing,3
uniandes_bouldering_023_7,train,Rock Climbing,3
uniandes_bouldering_023_70,val,Rock Climbing,3
uniandes_bouldering_023_71,val,Rock Climbing,3
uniandes_bouldering_023_72,val,Rock Climbing,3
uniandes_bouldering_023_73,train,Rock Climbing,3
uniandes_bouldering_023_74,train,Rock Climbing,3
uniandes_bouldering_023_75,train,Rock Climbing,3
uniandes_bouldering_023_76,train,Rock Climbing,3
uniandes_bouldering_023_78,train,Rock Climbing,3
uniandes_bouldering_023_79,train,Rock Climbing,3
uniandes_bouldering_023_8,train,Rock Climbing,3
uniandes_bouldering_023_80,train,Rock Climbing,3
uniandes_bouldering_023_81,train,Rock Climbing,3
uniandes_bouldering_023_83,train,Rock Climbing,3
uniandes_bouldering_023_84,train,Rock Climbing,3
uniandes_bouldering_023_9,train,Rock Climbing,3
uniandes_bouldering_024_10,test,Rock Climbing,3
uniandes_bouldering_024_12,train,Rock Climbing,3
uniandes_bouldering_024_13,train,Rock Climbing,3
uniandes_bouldering_024_14,train,Rock Climbing,3
uniandes_bouldering_024_16,val,Rock Climbing,3
uniandes_bouldering_024_18,test,Rock Climbing,3
uniandes_bouldering_024_2,val,Rock Climbing,3
uniandes_bouldering_024_20,train,Rock Climbing,3
uniandes_bouldering_024_21,train,Rock Climbing,3
uniandes_bouldering_024_23,test,Rock Climbing,3
uniandes_bouldering_024_24,test,Rock Climbing,3
uniandes_bouldering_024_25,test,Rock Climbing,3
uniandes_bouldering_024_26,test,Rock Climbing,3
uniandes_bouldering_024_27,test,Rock Climbing,3
uniandes_bouldering_024_28,train,Rock Climbing,3
uniandes_bouldering_024_29,train,Rock Climbing,3
uniandes_bouldering_024_30,train,Rock Climbing,3
uniandes_bouldering_024_31,train,Rock Climbing,3
uniandes_bouldering_024_32,train,Rock Climbing,3
uniandes_bouldering_024_33,train,Rock Climbing,3
uniandes_bouldering_024_35,train,Rock Climbing,3
uniandes_bouldering_024_37,train,Rock Climbing,3
uniandes_bouldering_024_38,test,Rock Climbing,3
uniandes_bouldering_024_4,test,Rock Climbing,3
uniandes_bouldering_024_40,train,Rock Climbing,3
uniandes_bouldering_024_42,test,Rock Climbing,3
uniandes_bouldering_024_43,train,Rock Climbing,3
uniandes_bouldering_024_44,train,Rock Climbing,3
uniandes_bouldering_024_45,train,Rock Climbing,3
uniandes_bouldering_024_47,train,Rock Climbing,3
uniandes_bouldering_024_48,train,Rock Climbing,3
uniandes_bouldering_024_49,val,Rock Climbing,3
uniandes_bouldering_024_51,val,Rock Climbing,3
uniandes_bouldering_024_52,train,Rock Climbing,3
uniandes_bouldering_024_53,test,Rock Climbing,3
uniandes_bouldering_024_55,test,Rock Climbing,3
uniandes_bouldering_024_56,train,Rock Climbing,3
uniandes_bouldering_024_57,train,Rock Climbing,3
uniandes_bouldering_024_58,train,Rock Climbing,3
uniandes_bouldering_024_59,train,Rock Climbing,3
uniandes_bouldering_024_6,train,Rock Climbing,3
uniandes_bouldering_024_60,train,Rock Climbing,3
uniandes_bouldering_024_61,train,Rock Climbing,3
uniandes_bouldering_024_62,test,Rock Climbing,3
uniandes_bouldering_024_63,test,Rock Climbing,3
uniandes_bouldering_024_65,test,Rock Climbing,3
uniandes_bouldering_024_66,test,Rock Climbing,3
uniandes_bouldering_024_67,train,Rock Climbing,3
uniandes_bouldering_024_8,test,Rock Climbing,3
uniandes_bouldering_024_9,test,Rock Climbing,3
uniandes_bouldering_025_10,test,Rock Climbing,3
uniandes_bouldering_025_11,test,Rock Climbing,3
uniandes_bouldering_025_13,train,Rock Climbing,3
uniandes_bouldering_025_14,train,Rock Climbing,3
uniandes_bouldering_025_15,train,Rock Climbing,3
uniandes_bouldering_025_16,train,Rock Climbing,3
uniandes_bouldering_025_17,train,Rock Climbing,3
uniandes_bouldering_025_18,train,Rock Climbing,3
uniandes_bouldering_025_19,train,Rock Climbing,3
uniandes_bouldering_025_2,val,Rock Climbing,3
uniandes_bouldering_025_21,test,Rock Climbing,3
uniandes_bouldering_025_22,test,Rock Climbing,3
uniandes_bouldering_025_23,test,Rock Climbing,3
uniandes_bouldering_025_24,test,Rock Climbing,3
uniandes_bouldering_025_26,test,Rock Climbing,3
uniandes_bouldering_025_27,train,Rock Climbing,3
uniandes_bouldering_025_29,train,Rock Climbing,3
uniandes_bouldering_025_3,val,Rock Climbing,3
uniandes_bouldering_025_30,train,Rock Climbing,3
uniandes_bouldering_025_31,val,Rock Climbing,3
uniandes_bouldering_025_32,train,Rock Climbing,3
uniandes_bouldering_025_33,test,Rock Climbing,3
uniandes_bouldering_025_34,train,Rock Climbing,3
uniandes_bouldering_025_35,train,Rock Climbing,3
uniandes_bouldering_025_36,train,Rock Climbing,3
uniandes_bouldering_025_37,test,Rock Climbing,3
uniandes_bouldering_025_39,test,Rock Climbing,3
uniandes_bouldering_025_4,val,Rock Climbing,3
uniandes_bouldering_025_40,test,Rock Climbing,3
uniandes_bouldering_025_41,train,Rock Climbing,3
uniandes_bouldering_025_42,train,Rock Climbing,3
uniandes_bouldering_025_43,train,Rock Climbing,3
uniandes_bouldering_025_44,train,Rock Climbing,3
uniandes_bouldering_025_45,train,Rock Climbing,3
uniandes_bouldering_025_46,train,Rock Climbing,3
uniandes_bouldering_025_47,train,Rock Climbing,3
uniandes_bouldering_025_48,train,Rock Climbing,3
uniandes_bouldering_025_5,val,Rock Climbing,3
uniandes_bouldering_025_50,val,Rock Climbing,3
uniandes_bouldering_025_53,train,Rock Climbing,3
uniandes_bouldering_025_54,train,Rock Climbing,3
uniandes_bouldering_025_55,train,Rock Climbing,3
uniandes_bouldering_025_56,train,Rock Climbing,3
uniandes_bouldering_025_57,train,Rock Climbing,3
uniandes_bouldering_025_58,test,Rock Climbing,3
uniandes_bouldering_025_59,test,Rock Climbing,3
uniandes_bouldering_025_60,test,Rock Climbing,3
uniandes_bouldering_025_61,test,Rock Climbing,3
uniandes_bouldering_025_63,train,Rock Climbing,3
uniandes_bouldering_025_65,train,Rock Climbing,3
uniandes_bouldering_025_66,train,Rock Climbing,3
uniandes_bouldering_025_67,val,Rock Climbing,3
uniandes_bouldering_025_68,val,Rock Climbing,3
uniandes_bouldering_025_69,val,Rock Climbing,3
uniandes_bouldering_025_7,test,Rock Climbing,3
uniandes_bouldering_025_70,val,Rock Climbing,3
uniandes_bouldering_025_72,train,Rock Climbing,3
uniandes_bouldering_025_73,test,Rock Climbing,3
uniandes_bouldering_025_74,test,Rock Climbing,3
uniandes_bouldering_025_75,test,Rock Climbing,3
uniandes_bouldering_025_76,test,Rock Climbing,3
uniandes_bouldering_025_77,test,Rock Climbing,3
uniandes_bouldering_025_78,test,Rock Climbing,3
uniandes_bouldering_025_79,train,Rock Climbing,3
uniandes_bouldering_025_8,test,Rock Climbing,3
uniandes_bouldering_025_80,train,Rock Climbing,3
uniandes_bouldering_025_81,train,Rock Climbing,3
uniandes_bouldering_025_82,train,Rock Climbing,3
uniandes_bouldering_025_84,train,Rock Climbing,3
uniandes_bouldering_025_85,train,Rock Climbing,3
uniandes_bouldering_025_9,test,Rock Climbing,3
uniandes_bouldering_026_100,train,Rock Climbing,3
uniandes_bouldering_026_101,train,Rock Climbing,3
uniandes_bouldering_026_102,train,Rock Climbing,3
uniandes_bouldering_026_103,train,Rock Climbing,3
uniandes_bouldering_026_104,train,Rock Climbing,3
uniandes_bouldering_026_105,train,Rock Climbing,3
uniandes_bouldering_026_106,train,Rock Climbing,3
uniandes_bouldering_026_107,train,Rock Climbing,3
uniandes_bouldering_026_108,train,Rock Climbing,3
uniandes_bouldering_026_109,train,Rock Climbing,3
uniandes_bouldering_026_11,train,Rock Climbing,3
uniandes_bouldering_026_12,train,Rock Climbing,3
uniandes_bouldering_026_14,train,Rock Climbing,3
uniandes_bouldering_026_15,train,Rock Climbing,3
uniandes_bouldering_026_16,train,Rock Climbing,3
uniandes_bouldering_026_17,train,Rock Climbing,3
uniandes_bouldering_026_18,train,Rock Climbing,3
uniandes_bouldering_026_19,train,Rock Climbing,3
uniandes_bouldering_026_2,val,Rock Climbing,3
uniandes_bouldering_026_21,train,Rock Climbing,3
uniandes_bouldering_026_22,train,Rock Climbing,3
uniandes_bouldering_026_23,train,Rock Climbing,3
uniandes_bouldering_026_25,val,Rock Climbing,3
uniandes_bouldering_026_26,val,Rock Climbing,3
uniandes_bouldering_026_28,test,Rock Climbing,3
uniandes_bouldering_026_29,test,Rock Climbing,3
uniandes_bouldering_026_3,val,Rock Climbing,3
uniandes_bouldering_026_30,test,Rock Climbing,3
uniandes_bouldering_026_31,test,Rock Climbing,3
uniandes_bouldering_026_32,test,Rock Climbing,3
uniandes_bouldering_026_34,train,Rock Climbing,3
uniandes_bouldering_026_36,train,Rock Climbing,3
uniandes_bouldering_026_37,train,Rock Climbing,3
uniandes_bouldering_026_38,train,Rock Climbing,3
uniandes_bouldering_026_40,train,Rock Climbing,3
uniandes_bouldering_026_41,train,Rock Climbing,3
uniandes_bouldering_026_43,train,Rock Climbing,3
uniandes_bouldering_026_44,train,Rock Climbing,3
uniandes_bouldering_026_45,train,Rock Climbing,3
uniandes_bouldering_026_46,train,Rock Climbing,3
uniandes_bouldering_026_48,val,Rock Climbing,3
uniandes_bouldering_026_49,val,Rock Climbing,3
uniandes_bouldering_026_5,test,Rock Climbing,3
uniandes_bouldering_026_51,test,Rock Climbing,3
uniandes_bouldering_026_52,test,Rock Climbing,3
uniandes_bouldering_026_53,test,Rock Climbing,3
uniandes_bouldering_026_54,test,Rock Climbing,3
uniandes_bouldering_026_55,test,Rock Climbing,3
uniandes_bouldering_026_56,test,Rock Climbing,3
uniandes_bouldering_026_58,train,Rock Climbing,3
uniandes_bouldering_026_59,train,Rock Climbing,3
uniandes_bouldering_026_6,test,Rock Climbing,3
uniandes_bouldering_026_60,train,Rock Climbing,3
uniandes_bouldering_026_62,train,Rock Climbing,3
uniandes_bouldering_026_63,train,Rock Climbing,3
uniandes_bouldering_026_64,train,Rock Climbing,3
uniandes_bouldering_026_65,train,Rock Climbing,3
uniandes_bouldering_026_66,train,Rock Climbing,3
uniandes_bouldering_026_67,train,Rock Climbing,3
uniandes_bouldering_026_69,train,Rock Climbing,3
uniandes_bouldering_026_7,test,Rock Climbing,3
uniandes_bouldering_026_70,train,Rock Climbing,3
uniandes_bouldering_026_71,train,Rock Climbing,3
uniandes_bouldering_026_72,train,Rock Climbing,3
uniandes_bouldering_026_73,train,Rock Climbing,3
uniandes_bouldering_026_74,train,Rock Climbing,3
uniandes_bouldering_026_76,train,Rock Climbing,3
uniandes_bouldering_026_77,val,Rock Climbing,3
uniandes_bouldering_026_78,val,Rock Climbing,3
uniandes_bouldering_026_79,val,Rock Climbing,3
uniandes_bouldering_026_8,test,Rock Climbing,3
uniandes_bouldering_026_81,train,Rock Climbing,3
uniandes_bouldering_026_82,test,Rock Climbing,3
uniandes_bouldering_026_83,test,Rock Climbing,3
uniandes_bouldering_026_84,test,Rock Climbing,3
uniandes_bouldering_026_85,test,Rock Climbing,3
uniandes_bouldering_026_86,test,Rock Climbing,3
uniandes_bouldering_026_87,test,Rock Climbing,3
uniandes_bouldering_026_89,train,Rock Climbing,3
uniandes_bouldering_026_9,test,Rock Climbing,3
uniandes_bouldering_026_90,train,Rock Climbing,3
uniandes_bouldering_026_91,train,Rock Climbing,3
uniandes_bouldering_026_93,train,Rock Climbing,3
uniandes_bouldering_026_94,train,Rock Climbing,3
uniandes_bouldering_026_95,train,Rock Climbing,3
uniandes_bouldering_026_96,train,Rock Climbing,3
uniandes_bouldering_026_97,train,Rock Climbing,3
uniandes_bouldering_026_98,train,Rock Climbing,3
uniandes_bouldering_026_99,train,Rock Climbing,3
uniandes_bouldering_027_10,test,Rock Climbing,3
uniandes_bouldering_027_100,test,Rock Climbing,3
uniandes_bouldering_027_101,test,Rock Climbing,3
uniandes_bouldering_027_102,test,Rock Climbing,3
uniandes_bouldering_027_103,test,Rock Climbing,3
uniandes_bouldering_027_105,train,Rock Climbing,3
uniandes_bouldering_027_106,train,Rock Climbing,3
uniandes_bouldering_027_107,train,Rock Climbing,3
uniandes_bouldering_027_108,train,Rock Climbing,3
uniandes_bouldering_027_11,test,Rock Climbing,3
uniandes_bouldering_027_110,train,Rock Climbing,3
uniandes_bouldering_027_111,train,Rock Climbing,3
uniandes_bouldering_027_112,train,Rock Climbing,3
uniandes_bouldering_027_113,train,Rock Climbing,3
uniandes_bouldering_027_114,train,Rock Climbing,3
uniandes_bouldering_027_115,train,Rock Climbing,3
uniandes_bouldering_027_117,train,Rock Climbing,3
uniandes_bouldering_027_118,train,Rock Climbing,3
uniandes_bouldering_027_119,train,Rock Climbing,3
uniandes_bouldering_027_12,test,Rock Climbing,3
uniandes_bouldering_027_121,train,Rock Climbing,3
uniandes_bouldering_027_13,test,Rock Climbing,3
uniandes_bouldering_027_14,test,Rock Climbing,3
uniandes_bouldering_027_15,test,Rock Climbing,3
uniandes_bouldering_027_17,train,Rock Climbing,3
uniandes_bouldering_027_18,train,Rock Climbing,3
uniandes_bouldering_027_19,train,Rock Climbing,3
uniandes_bouldering_027_2,val,Rock Climbing,3
uniandes_bouldering_027_20,train,Rock Climbing,3
uniandes_bouldering_027_21,train,Rock Climbing,3
uniandes_bouldering_027_23,train,Rock Climbing,3
uniandes_bouldering_027_24,train,Rock Climbing,3
uniandes_bouldering_027_25,train,Rock Climbing,3
uniandes_bouldering_027_26,train,Rock Climbing,3
uniandes_bouldering_027_27,train,Rock Climbing,3
uniandes_bouldering_027_28,train,Rock Climbing,3
uniandes_bouldering_027_29,train,Rock Climbing,3
uniandes_bouldering_027_3,val,Rock Climbing,3
uniandes_bouldering_027_30,train,Rock Climbing,3
uniandes_bouldering_027_31,train,Rock Climbing,3
uniandes_bouldering_027_32,train,Rock Climbing,3
uniandes_bouldering_027_33,train,Rock Climbing,3
uniandes_bouldering_027_35,train,Rock Climbing,3
uniandes_bouldering_027_36,train,Rock Climbing,3
uniandes_bouldering_027_37,train,Rock Climbing,3
uniandes_bouldering_027_39,val,Rock Climbing,3
uniandes_bouldering_027_4,val,Rock Climbing,3
uniandes_bouldering_027_41,test,Rock Climbing,3
uniandes_bouldering_027_42,test,Rock Climbing,3
uniandes_bouldering_027_43,test,Rock Climbing,3
uniandes_bouldering_027_44,test,Rock Climbing,3
uniandes_bouldering_027_45,test,Rock Climbing,3
uniandes_bouldering_027_47,train,Rock Climbing,3
uniandes_bouldering_027_49,train,Rock Climbing,3
uniandes_bouldering_027_5,val,Rock Climbing,3
uniandes_bouldering_027_50,train,Rock Climbing,3
uniandes_bouldering_027_51,train,Rock Climbing,3
uniandes_bouldering_027_52,train,Rock Climbing,3
uniandes_bouldering_027_53,train,Rock Climbing,3
uniandes_bouldering_027_54,train,Rock Climbing,3
uniandes_bouldering_027_55,train,Rock Climbing,3
uniandes_bouldering_027_56,train,Rock Climbing,3
uniandes_bouldering_027_58,train,Rock Climbing,3
uniandes_bouldering_027_59,train,Rock Climbing,3
uniandes_bouldering_027_6,val,Rock Climbing,3
uniandes_bouldering_027_60,train,Rock Climbing,3
uniandes_bouldering_027_61,train,Rock Climbing,3
uniandes_bouldering_027_62,train,Rock Climbing,3
uniandes_bouldering_027_63,train,Rock Climbing,3
uniandes_bouldering_027_64,train,Rock Climbing,3
uniandes_bouldering_027_65,train,Rock Climbing,3
uniandes_bouldering_027_67,val,Rock Climbing,3
uniandes_bouldering_027_69,test,Rock Climbing,3
uniandes_bouldering_027_70,test,Rock Climbing,3
uniandes_bouldering_027_71,test,Rock Climbing,3
uniandes_bouldering_027_72,test,Rock Climbing,3
uniandes_bouldering_027_74,train,Rock Climbing,3
uniandes_bouldering_027_76,train,Rock Climbing,3
uniandes_bouldering_027_77,train,Rock Climbing,3
uniandes_bouldering_027_79,train,Rock Climbing,3
uniandes_bouldering_027_8,test,Rock Climbing,3
uniandes_bouldering_027_80,train,Rock Climbing,3
uniandes_bouldering_027_81,train,Rock Climbing,3
uniandes_bouldering_027_82,train,Rock Climbing,3
uniandes_bouldering_027_83,train,Rock Climbing,3
uniandes_bouldering_027_84,train,Rock Climbing,3
uniandes_bouldering_027_85,train,Rock Climbing,3
uniandes_bouldering_027_87,train,Rock Climbing,3
uniandes_bouldering_027_88,train,Rock Climbing,3
uniandes_bouldering_027_9,test,Rock Climbing,3
uniandes_bouldering_027_90,val,Rock Climbing,3
uniandes_bouldering_027_91,val,Rock Climbing,3
uniandes_bouldering_027_92,val,Rock Climbing,3
uniandes_bouldering_027_93,val,Rock Climbing,3
uniandes_bouldering_027_94,val,Rock Climbing,3
uniandes_bouldering_027_95,val,Rock Climbing,3
uniandes_bouldering_027_96,val,Rock Climbing,3
uniandes_bouldering_027_98,test,Rock Climbing,3
uniandes_bouldering_027_99,test,Rock Climbing,3
uniandes_bouldering_028_11,train,Rock Climbing,3
uniandes_bouldering_028_12,train,Rock Climbing,3
uniandes_bouldering_028_14,val,Rock Climbing,3
uniandes_bouldering_028_15,val,Rock Climbing,3
uniandes_bouldering_028_17,train,Rock Climbing,3
uniandes_bouldering_028_18,train,Rock Climbing,3
uniandes_bouldering_028_19,train,Rock Climbing,3
uniandes_bouldering_028_2,train,Rock Climbing,3
uniandes_bouldering_028_20,train,Rock Climbing,3
uniandes_bouldering_028_21,train,Rock Climbing,3
uniandes_bouldering_028_22,train,Rock Climbing,3
uniandes_bouldering_028_24,train,Rock Climbing,3
uniandes_bouldering_028_26,test,Rock Climbing,3
uniandes_bouldering_028_28,train,Rock Climbing,3
uniandes_bouldering_028_29,train,Rock Climbing,3
uniandes_bouldering_028_3,train,Rock Climbing,3
uniandes_bouldering_028_31,val,Rock Climbing,3
uniandes_bouldering_028_33,train,Rock Climbing,3
uniandes_bouldering_028_34,train,Rock Climbing,3
uniandes_bouldering_028_35,train,Rock Climbing,3
uniandes_bouldering_028_36,train,Rock Climbing,3
uniandes_bouldering_028_38,train,Rock Climbing,3
uniandes_bouldering_028_4,train,Rock Climbing,3
uniandes_bouldering_028_40,test,Rock Climbing,3
uniandes_bouldering_028_42,train,Rock Climbing,3
uniandes_bouldering_028_43,train,Rock Climbing,3
uniandes_bouldering_028_44,train,Rock Climbing,3
uniandes_bouldering_028_46,val,Rock Climbing,3
uniandes_bouldering_028_48,train,Rock Climbing,3
uniandes_bouldering_028_49,train,Rock Climbing,3
uniandes_bouldering_028_50,train,Rock Climbing,3
uniandes_bouldering_028_51,train,Rock Climbing,3
uniandes_bouldering_028_52,train,Rock Climbing,3
uniandes_bouldering_028_53,train,Rock Climbing,3
uniandes_bouldering_028_55,train,Rock Climbing,3
uniandes_bouldering_028_56,train,Rock Climbing,3
uniandes_bouldering_028_57,train,Rock Climbing,3
uniandes_bouldering_028_58,train,Rock Climbing,3
uniandes_bouldering_028_6,train,Rock Climbing,3
uniandes_bouldering_028_60,test,Rock Climbing,3
uniandes_bouldering_028_61,test,Rock Climbing,3
uniandes_bouldering_028_62,test,Rock Climbing,3
uniandes_bouldering_028_64,train,Rock Climbing,3
uniandes_bouldering_028_65,train,Rock Climbing,3
uniandes_bouldering_028_66,train,Rock Climbing,3
uniandes_bouldering_028_68,val,Rock Climbing,3
uniandes_bouldering_028_69,val,Rock Climbing,3
uniandes_bouldering_028_7,train,Rock Climbing,3
uniandes_bouldering_028_70,val,Rock Climbing,3
uniandes_bouldering_028_71,val,Rock Climbing,3
uniandes_bouldering_028_72,val,Rock Climbing,3
uniandes_bouldering_028_9,test,Rock Climbing,3
uniandes_bouldering_029_10,train,Rock Climbing,3
uniandes_bouldering_029_11,train,Rock Climbing,3
uniandes_bouldering_029_12,train,Rock Climbing,3
uniandes_bouldering_029_13,train,Rock Climbing,3
uniandes_bouldering_029_14,train,Rock Climbing,3
uniandes_bouldering_029_16,test,Rock Climbing,3
uniandes_bouldering_029_17,test,Rock Climbing,3
uniandes_bouldering_029_18,test,Rock Climbing,3
uniandes_bouldering_029_19,test,Rock Climbing,3
uniandes_bouldering_029_2,train,Rock Climbing,3
uniandes_bouldering_029_21,train,Rock Climbing,3
uniandes_bouldering_029_22,train,Rock Climbing,3
uniandes_bouldering_029_23,train,Dance,1
uniandes_bouldering_029_24,train,Rock Climbing,3
uniandes_bouldering_029_26,val,Rock Climbing,3
uniandes_bouldering_029_27,val,Rock Climbing,3
uniandes_bouldering_029_28,val,Rock Climbing,3
uniandes_bouldering_029_29,val,Rock Climbing,3
uniandes_bouldering_029_3,train,Rock Climbing,3
uniandes_bouldering_029_30,val,Rock Climbing,3
uniandes_bouldering_029_32,train,Rock Climbing,3
uniandes_bouldering_029_33,train,Rock Climbing,3
uniandes_bouldering_029_34,train,Rock Climbing,3
uniandes_bouldering_029_36,train,Rock Climbing,3
uniandes_bouldering_029_38,test,Rock Climbing,3
uniandes_bouldering_029_4,train,Rock Climbing,3
uniandes_bouldering_029_40,train,Rock Climbing,3
uniandes_bouldering_029_41,train,Rock Climbing,3
uniandes_bouldering_029_42,train,Rock Climbing,3
uniandes_bouldering_029_44,val,Rock Climbing,3
uniandes_bouldering_029_45,val,Rock Climbing,3
uniandes_bouldering_029_47,train,Rock Climbing,3
uniandes_bouldering_029_48,train,Rock Climbing,3
uniandes_bouldering_029_49,train,Rock Climbing,3
uniandes_bouldering_029_5,train,Rock Climbing,3
uniandes_bouldering_029_51,train,Rock Climbing,3
uniandes_bouldering_029_52,train,Rock Climbing,3
uniandes_bouldering_029_53,train,Rock Climbing,3
uniandes_bouldering_029_55,test,Rock Climbing,3
uniandes_bouldering_029_57,train,Rock Climbing,3
uniandes_bouldering_029_58,train,Rock Climbing,3
uniandes_bouldering_029_59,train,Rock Climbing,3
uniandes_bouldering_029_6,train,Rock Climbing,3
uniandes_bouldering_029_61,val,Rock Climbing,3
uniandes_bouldering_029_63,train,Rock Climbing,3
uniandes_bouldering_029_64,train,Rock Climbing,3
uniandes_bouldering_029_65,train,Rock Climbing,3
uniandes_bouldering_029_66,train,Rock Climbing,3
uniandes_bouldering_029_67,train,Rock Climbing,3
uniandes_bouldering_029_68,train,Rock Climbing,3
uniandes_bouldering_029_69,train,Rock Climbing,3
uniandes_bouldering_029_71,train,Rock Climbing,3
uniandes_bouldering_029_72,train,Rock Climbing,3
uniandes_bouldering_029_73,train,Rock Climbing,3
uniandes_bouldering_029_74,train,Rock Climbing,3
uniandes_bouldering_029_75,train,Rock Climbing,3
uniandes_bouldering_029_76,train,Rock Climbing,3
uniandes_bouldering_029_77,train,Rock Climbing,3
uniandes_bouldering_029_78,train,Rock Climbing,3
uniandes_bouldering_029_8,train,Rock Climbing,3
uniandes_bouldering_029_80,test,Rock Climbing,3
uniandes_bouldering_029_81,test,Rock Climbing,3
uniandes_bouldering_029_82,test,Rock Climbing,3
uniandes_bouldering_029_83,test,Rock Climbing,3
uniandes_bouldering_029_84,test,Rock Climbing,3
uniandes_bouldering_029_85,test,Rock Climbing,3
uniandes_bouldering_029_87,train,Rock Climbing,3
uniandes_bouldering_029_88,train,Rock Climbing,3
uniandes_bouldering_029_89,train,Rock Climbing,3
uniandes_bouldering_029_9,train,Rock Climbing,3
uniandes_bouldering_029_90,train,Rock Climbing,3
uniandes_bouldering_029_92,val,Rock Climbing,3
uniandes_bouldering_029_93,val,Rock Climbing,3
uniandes_bouldering_029_94,val,Rock Climbing,3
uniandes_bouldering_029_95,val,Rock Climbing,3
uniandes_bouldering_030_11,test,Rock Climbing,3
uniandes_bouldering_030_13,test,Rock Climbing,3
uniandes_bouldering_030_14,test,Rock Climbing,3
uniandes_bouldering_030_15,test,Rock Climbing,3
uniandes_bouldering_030_16,train,Rock Climbing,3
uniandes_bouldering_030_18,test,Rock Climbing,3
uniandes_bouldering_030_19,test,Rock Climbing,3
uniandes_bouldering_030_2,test,Rock Climbing,3
uniandes_bouldering_030_20,test,Rock Climbing,3
uniandes_bouldering_030_21,test,Rock Climbing,3
uniandes_bouldering_030_23,test,Rock Climbing,3
uniandes_bouldering_030_25,train,Rock Climbing,3
uniandes_bouldering_030_26,train,Rock Climbing,3
uniandes_bouldering_030_27,train,Rock Climbing,3
uniandes_bouldering_030_28,train,Rock Climbing,3
uniandes_bouldering_030_29,train,Rock Climbing,3
uniandes_bouldering_030_31,test,Rock Climbing,3
uniandes_bouldering_030_32,test,Rock Climbing,3
uniandes_bouldering_030_34,test,Rock Climbing,3
uniandes_bouldering_030_37,test,Rock Climbing,3
uniandes_bouldering_030_38,test,Rock Climbing,3
uniandes_bouldering_030_4,test,Rock Climbing,3
uniandes_bouldering_030_40,test,Rock Climbing,3
uniandes_bouldering_030_41,test,Rock Climbing,3
uniandes_bouldering_030_42,test,Rock Climbing,3
uniandes_bouldering_030_43,test,Rock Climbing,3
uniandes_bouldering_030_44,test,Rock Climbing,3
uniandes_bouldering_030_45,test,Rock Climbing,3
uniandes_bouldering_030_46,test,Rock Climbing,3
uniandes_bouldering_030_47,test,Rock Climbing,3
uniandes_bouldering_030_49,test,Rock Climbing,3
uniandes_bouldering_030_50,test,Rock Climbing,3
uniandes_bouldering_030_51,test,Rock Climbing,3
uniandes_bouldering_030_52,test,Rock Climbing,3
uniandes_bouldering_030_53,test,Rock Climbing,3
uniandes_bouldering_030_54,test,Rock Climbing,3
uniandes_bouldering_030_55,test,Rock Climbing,3
uniandes_bouldering_030_57,train,Rock Climbing,3
uniandes_bouldering_030_58,train,Rock Climbing,3
uniandes_bouldering_030_59,train,Rock Climbing,3
uniandes_bouldering_030_6,test,Rock Climbing,3
uniandes_bouldering_030_60,train,Rock Climbing,3
uniandes_bouldering_030_61,train,Rock Climbing,3
uniandes_bouldering_030_62,train,Rock Climbing,3
uniandes_bouldering_030_63,train,Rock Climbing,3
uniandes_bouldering_030_65,test,Rock Climbing,3
uniandes_bouldering_030_66,test,Rock Climbing,3
uniandes_bouldering_030_67,test,Rock Climbing,3
uniandes_bouldering_030_68,test,Rock Climbing,3
uniandes_bouldering_030_69,test,Rock Climbing,3
uniandes_bouldering_030_70,test,Rock Climbing,3
uniandes_bouldering_030_71,test,Rock Climbing,3
uniandes_bouldering_030_72,test,Rock Climbing,3
uniandes_bouldering_030_73,test,Rock Climbing,3
uniandes_bouldering_030_74,test,Rock Climbing,3
uniandes_bouldering_030_76,test,Rock Climbing,3
uniandes_bouldering_030_77,test,Rock Climbing,3
uniandes_bouldering_030_78,test,Rock Climbing,3
uniandes_bouldering_030_79,test,Rock Climbing,3
uniandes_bouldering_030_8,train,Rock Climbing,3
uniandes_bouldering_030_80,test,Rock Climbing,3
uniandes_bouldering_030_82,test,Rock Climbing,3
uniandes_bouldering_030_83,test,Rock Climbing,3
uniandes_bouldering_030_84,test,Rock Climbing,3
uniandes_bouldering_030_85,test,Rock Climbing,3
uniandes_bouldering_030_86,test,Rock Climbing,3
uniandes_bouldering_030_88,test,Rock Climbing,3
uniandes_bouldering_030_89,test,Rock Climbing,3
uniandes_bouldering_030_9,train,Rock Climbing,3
uniandes_bouldering_030_90,test,Rock Climbing,3
uniandes_bouldering_030_92,train,Rock Climbing,3
uniandes_bouldering_030_95,test,Rock Climbing,3
uniandes_bouldering_030_96,test,Rock Climbing,3
uniandes_bouldering_030_97,test,Rock Climbing,3
uniandes_bouldering_030_98,test,Rock Climbing,3
uniandes_bouldering_030_99,test,Rock Climbing,3
uniandes_bouldering_031_11,test,Rock Climbing,3
uniandes_bouldering_031_13,test,Rock Climbing,3
uniandes_bouldering_031_15,train,Rock Climbing,3
uniandes_bouldering_031_17,test,Rock Climbing,3
uniandes_bouldering_031_18,test,Rock Climbing,3
uniandes_bouldering_031_19,test,Rock Climbing,3
uniandes_bouldering_031_2,test,Rock Climbing,3
uniandes_bouldering_031_21,test,Rock Climbing,3
uniandes_bouldering_031_22,test,Rock Climbing,3
uniandes_bouldering_031_23,test,Rock Climbing,3
uniandes_bouldering_031_25,test,Rock Climbing,3
uniandes_bouldering_031_28,test,Rock Climbing,3
uniandes_bouldering_031_3,test,Rock Climbing,3
uniandes_bouldering_031_34,test,Rock Climbing,3
uniandes_bouldering_031_35,test,Rock Climbing,3
uniandes_bouldering_031_36,test,Rock Climbing,3
uniandes_bouldering_031_39,test,Rock Climbing,3
uniandes_bouldering_031_4,test,Rock Climbing,3
uniandes_bouldering_031_40,test,Rock Climbing,3
uniandes_bouldering_031_43,test,Rock Climbing,3
uniandes_bouldering_031_46,train,Rock Climbing,3
uniandes_bouldering_031_47,train,Rock Climbing,3
uniandes_bouldering_031_5,test,Rock Climbing,3
uniandes_bouldering_031_50,test,Rock Climbing,3
uniandes_bouldering_031_51,test,Rock Climbing,3
uniandes_bouldering_031_52,test,Rock Climbing,3
uniandes_bouldering_031_55,test,Rock Climbing,3
uniandes_bouldering_031_56,test,Rock Climbing,3
uniandes_bouldering_031_59,test,Rock Climbing,3
uniandes_bouldering_031_6,test,Rock Climbing,3
uniandes_bouldering_031_60,test,Rock Climbing,3
uniandes_bouldering_031_61,test,Rock Climbing,3
uniandes_bouldering_031_62,test,Rock Climbing,3
uniandes_bouldering_031_65,test,Rock Climbing,3
uniandes_bouldering_031_68,train,Rock Climbing,3
uniandes_bouldering_031_69,train,Rock Climbing,3
uniandes_bouldering_031_7,test,Rock Climbing,3
uniandes_bouldering_031_71,test,Rock Climbing,3
uniandes_bouldering_031_74,test,Rock Climbing,3
uniandes_bouldering_031_75,test,Rock Climbing,3
uniandes_bouldering_031_76,test,Rock Climbing,3
uniandes_bouldering_031_8,test,Rock Climbing,3
uniandes_bouldering_031_9,test,Rock Climbing,3
uniandes_bouldering_032_11,train,Rock Climbing,3
uniandes_bouldering_032_13,train,Rock Climbing,3
uniandes_bouldering_032_15,val,Rock Climbing,3
uniandes_bouldering_032_17,test,Rock Climbing,3
uniandes_bouldering_032_18,test,Rock Climbing,3
uniandes_bouldering_032_19,test,Rock Climbing,3
uniandes_bouldering_032_2,val,Rock Climbing,3
uniandes_bouldering_032_21,train,Rock Climbing,3
uniandes_bouldering_032_22,train,Rock Climbing,3
uniandes_bouldering_032_23,train,Rock Climbing,3
uniandes_bouldering_032_25,train,Rock Climbing,3
uniandes_bouldering_032_27,train,Rock Climbing,3
uniandes_bouldering_032_28,train,Rock Climbing,3
uniandes_bouldering_032_29,train,Rock Climbing,3
uniandes_bouldering_032_30,train,Rock Climbing,3
uniandes_bouldering_032_32,val,Rock Climbing,3
uniandes_bouldering_032_34,val,Rock Climbing,3
uniandes_bouldering_032_36,test,Rock Climbing,3
uniandes_bouldering_032_37,test,Rock Climbing,3
uniandes_bouldering_032_38,test,Rock Climbing,3
uniandes_bouldering_032_39,test,Rock Climbing,3
uniandes_bouldering_032_4,test,Rock Climbing,3
uniandes_bouldering_032_40,test,Rock Climbing,3
uniandes_bouldering_032_41,test,Rock Climbing,3
uniandes_bouldering_032_42,test,Rock Climbing,3
uniandes_bouldering_032_44,train,Rock Climbing,3
uniandes_bouldering_032_45,train,Rock Climbing,3
uniandes_bouldering_032_46,train,Rock Climbing,3
uniandes_bouldering_032_47,train,Rock Climbing,3
uniandes_bouldering_032_48,train,Rock Climbing,3
uniandes_bouldering_032_5,test,Rock Climbing,3
uniandes_bouldering_032_50,train,Rock Climbing,3
uniandes_bouldering_032_51,train,Rock Climbing,3
uniandes_bouldering_032_52,train,Rock Climbing,3
uniandes_bouldering_032_53,train,Rock Climbing,3
uniandes_bouldering_032_55,train,Rock Climbing,3
uniandes_bouldering_032_56,train,Rock Climbing,3
uniandes_bouldering_032_57,train,Rock Climbing,3
uniandes_bouldering_032_58,train,Rock Climbing,3
uniandes_bouldering_032_59,train,Rock Climbing,3
uniandes_bouldering_032_6,test,Rock Climbing,3
uniandes_bouldering_032_60,train,Rock Climbing,3
uniandes_bouldering_032_61,train,Rock Climbing,3
uniandes_bouldering_032_62,train,Rock Climbing,3
uniandes_bouldering_032_63,train,Rock Climbing,3
uniandes_bouldering_032_64,train,Rock Climbing,3
uniandes_bouldering_032_66,val,Rock Climbing,3
uniandes_bouldering_032_68,test,Rock Climbing,3
uniandes_bouldering_032_69,test,Rock Climbing,3
uniandes_bouldering_032_7,test,Rock Climbing,3
uniandes_bouldering_032_70,test,Rock Climbing,3
uniandes_bouldering_032_72,train,Rock Climbing,3
uniandes_bouldering_032_74,train,Rock Climbing,3
uniandes_bouldering_032_75,train,Rock Climbing,3
uniandes_bouldering_032_77,train,Rock Climbing,3
uniandes_bouldering_032_78,train,Rock Climbing,3
uniandes_bouldering_032_79,train,Rock Climbing,3
uniandes_bouldering_032_80,train,Rock Climbing,3
uniandes_bouldering_032_81,train,Rock Climbing,3
uniandes_bouldering_032_9,train,Rock Climbing,3
uniandes_bouldering_033_10,train,Rock Climbing,3
uniandes_bouldering_033_12,val,Rock Climbing,3
uniandes_bouldering_033_14,test,Rock Climbing,3
uniandes_bouldering_033_15,test,Rock Climbing,3
uniandes_bouldering_033_17,train,Rock Climbing,3
uniandes_bouldering_033_19,train,Rock Climbing,3
uniandes_bouldering_033_2,val,Rock Climbing,3
uniandes_bouldering_033_20,train,Rock Climbing,3
uniandes_bouldering_033_22,train,Rock Climbing,3
uniandes_bouldering_033_23,train,Rock Climbing,3
uniandes_bouldering_033_24,train,Rock Climbing,3
uniandes_bouldering_033_25,train,Rock Climbing,3
uniandes_bouldering_033_27,val,Rock Climbing,3
uniandes_bouldering_033_29,test,Rock Climbing,3
uniandes_bouldering_033_30,test,Rock Climbing,3
uniandes_bouldering_033_31,test,Rock Climbing,3
uniandes_bouldering_033_33,train,Rock Climbing,3
uniandes_bouldering_033_34,train,Rock Climbing,3
uniandes_bouldering_033_35,train,Rock Climbing,3
uniandes_bouldering_033_38,train,Rock Climbing,3
uniandes_bouldering_033_4,test,Rock Climbing,3
uniandes_bouldering_033_40,train,Rock Climbing,3
uniandes_bouldering_033_41,train,Rock Climbing,3
uniandes_bouldering_033_42,train,Rock Climbing,3
uniandes_bouldering_033_44,val,Rock Climbing,3
uniandes_bouldering_033_45,val,Rock Climbing,3
uniandes_bouldering_033_47,test,Rock Climbing,3
uniandes_bouldering_033_48,test,Rock Climbing,3
uniandes_bouldering_033_49,test,Rock Climbing,3
uniandes_bouldering_033_50,test,Rock Climbing,3
uniandes_bouldering_033_52,train,Rock Climbing,3
uniandes_bouldering_033_53,train,Rock Climbing,3
uniandes_bouldering_033_55,train,Rock Climbing,3
uniandes_bouldering_033_57,train,Rock Climbing,3
uniandes_bouldering_033_58,train,Rock Climbing,3
uniandes_bouldering_033_59,train,Rock Climbing,3
uniandes_bouldering_033_6,train,Rock Climbing,3
uniandes_bouldering_033_60,train,Rock Climbing,3
uniandes_bouldering_033_8,train,Rock Climbing,3
uniandes_bouldering_034_10,train,Rock Climbing,3
uniandes_bouldering_034_100,train,Rock Climbing,3
uniandes_bouldering_034_102,train,Rock Climbing,3
uniandes_bouldering_034_103,train,Rock Climbing,3
uniandes_bouldering_034_12,val,Rock Climbing,3
uniandes_bouldering_034_14,val,Rock Climbing,3
uniandes_bouldering_034_15,val,Rock Climbing,3
uniandes_bouldering_034_17,train,Rock Climbing,3
uniandes_bouldering_034_18,train,Rock Climbing,3
uniandes_bouldering_034_19,train,Rock Climbing,3
uniandes_bouldering_034_2,val,Rock Climbing,3
uniandes_bouldering_034_20,train,Rock Climbing,3
uniandes_bouldering_034_21,train,Rock Climbing,3
uniandes_bouldering_034_23,val,Rock Climbing,3
uniandes_bouldering_034_24,val,Rock Climbing,3
uniandes_bouldering_034_25,val,Rock Climbing,3
uniandes_bouldering_034_26,val,Rock Climbing,3
uniandes_bouldering_034_29,val,Rock Climbing,3
uniandes_bouldering_034_30,val,Rock Climbing,3
uniandes_bouldering_034_31,val,Rock Climbing,3
uniandes_bouldering_034_32,val,Rock Climbing,3
uniandes_bouldering_034_34,train,Rock Climbing,3
uniandes_bouldering_034_35,train,Rock Climbing,3
uniandes_bouldering_034_36,train,Rock Climbing,3
uniandes_bouldering_034_37,train,Rock Climbing,3
uniandes_bouldering_034_38,train,Rock Climbing,3
uniandes_bouldering_034_4,train,Rock Climbing,3
uniandes_bouldering_034_40,val,Rock Climbing,3
uniandes_bouldering_034_41,val,Rock Climbing,3
uniandes_bouldering_034_42,val,Rock Climbing,3
uniandes_bouldering_034_43,val,Rock Climbing,3
uniandes_bouldering_034_44,val,Rock Climbing,3
uniandes_bouldering_034_46,train,Rock Climbing,3
uniandes_bouldering_034_47,train,Rock Climbing,3
uniandes_bouldering_034_48,train,Rock Climbing,3
uniandes_bouldering_034_49,train,Rock Climbing,3
uniandes_bouldering_034_50,train,Rock Climbing,3
uniandes_bouldering_034_51,train,Rock Climbing,3
uniandes_bouldering_034_53,val,Rock Climbing,3
uniandes_bouldering_034_54,val,Rock Climbing,3
uniandes_bouldering_034_55,val,Rock Climbing,3
uniandes_bouldering_034_56,val,Rock Climbing,3
uniandes_bouldering_034_57,val,Rock Climbing,3
uniandes_bouldering_034_58,val,Rock Climbing,3
uniandes_bouldering_034_59,val,Rock Climbing,3
uniandes_bouldering_034_6,val,Rock Climbing,3
uniandes_bouldering_034_61,val,Rock Climbing,3
uniandes_bouldering_034_62,val,Rock Climbing,3
uniandes_bouldering_034_63,val,Rock Climbing,3
uniandes_bouldering_034_65,val,Rock Climbing,3
uniandes_bouldering_034_66,val,Rock Climbing,3
uniandes_bouldering_034_67,val,Rock Climbing,3
uniandes_bouldering_034_69,train,Rock Climbing,3
uniandes_bouldering_034_70,train,Rock Climbing,3
uniandes_bouldering_034_71,train,Rock Climbing,3
uniandes_bouldering_034_72,train,Rock Climbing,3
uniandes_bouldering_034_73,train,Rock Climbing,3
uniandes_bouldering_034_74,train,Rock Climbing,3
uniandes_bouldering_034_75,train,Rock Climbing,3
uniandes_bouldering_034_77,val,Rock Climbing,3
uniandes_bouldering_034_78,val,Rock Climbing,3
uniandes_bouldering_034_8,val,Rock Climbing,3
uniandes_bouldering_034_80,val,Rock Climbing,3
uniandes_bouldering_034_82,train,Rock Climbing,3
uniandes_bouldering_034_83,train,Rock Climbing,3
uniandes_bouldering_034_84,train,Rock Climbing,3
uniandes_bouldering_034_85,train,Rock Climbing,3
uniandes_bouldering_034_87,val,Rock Climbing,3
uniandes_bouldering_034_88,val,Rock Climbing,3
uniandes_bouldering_034_89,val,Rock Climbing,3
uniandes_bouldering_034_90,val,Rock Climbing,3
uniandes_bouldering_034_92,val,Rock Climbing,3
uniandes_bouldering_034_93,val,Rock Climbing,3
uniandes_bouldering_034_94,val,Rock Climbing,3
uniandes_bouldering_034_96,val,Rock Climbing,3
uniandes_bouldering_034_98,train,Rock Climbing,3
uniandes_bouldering_034_99,train,Rock Climbing,3
uniandes_bouldering_035_10,val,Rock Climbing,3
uniandes_bouldering_035_100,train,Rock Climbing,3
uniandes_bouldering_035_101,train,Rock Climbing,3
uniandes_bouldering_035_12,val,Rock Climbing,3
uniandes_bouldering_035_13,val,Rock Climbing,3
uniandes_bouldering_035_14,val,Rock Climbing,3
uniandes_bouldering_035_16,train,Rock Climbing,3
uniandes_bouldering_035_17,train,Rock Climbing,3
uniandes_bouldering_035_18,train,Rock Climbing,3
uniandes_bouldering_035_19,train,Rock Climbing,3
uniandes_bouldering_035_2,val,Rock Climbing,3
uniandes_bouldering_035_20,train,Rock Climbing,3
uniandes_bouldering_035_21,train,Rock Climbing,3
uniandes_bouldering_035_22,train,Rock Climbing,3
uniandes_bouldering_035_23,train,Rock Climbing,3
uniandes_bouldering_035_25,val,Rock Climbing,3
uniandes_bouldering_035_26,val,Rock Climbing,3
uniandes_bouldering_035_28,train,Rock Climbing,3
uniandes_bouldering_035_29,train,Rock Climbing,3
uniandes_bouldering_035_3,val,Rock Climbing,3
uniandes_bouldering_035_30,train,Rock Climbing,3
uniandes_bouldering_035_31,train,Rock Climbing,3
uniandes_bouldering_035_33,val,Rock Climbing,3
uniandes_bouldering_035_34,val,Rock Climbing,3
uniandes_bouldering_035_36,val,Rock Climbing,3
uniandes_bouldering_035_37,val,Rock Climbing,3
uniandes_bouldering_035_38,val,Rock Climbing,3
uniandes_bouldering_035_4,val,Rock Climbing,3
uniandes_bouldering_035_40,train,Rock Climbing,3
uniandes_bouldering_035_41,train,Rock Climbing,3
uniandes_bouldering_035_42,train,Rock Climbing,3
uniandes_bouldering_035_43,train,Rock Climbing,3
uniandes_bouldering_035_44,train,Rock Climbing,3
uniandes_bouldering_035_46,val,Rock Climbing,3
uniandes_bouldering_035_47,val,Rock Climbing,3
uniandes_bouldering_035_48,val,Rock Climbing,3
uniandes_bouldering_035_5,val,Rock Climbing,3
uniandes_bouldering_035_50,train,Rock Climbing,3
uniandes_bouldering_035_51,train,Rock Climbing,3
uniandes_bouldering_035_52,train,Rock Climbing,3
uniandes_bouldering_035_53,train,Rock Climbing,3
uniandes_bouldering_035_54,train,Rock Climbing,3
uniandes_bouldering_035_56,val,Rock Climbing,3
uniandes_bouldering_035_57,val,Rock Climbing,3
uniandes_bouldering_035_58,val,Rock Climbing,3
uniandes_bouldering_035_59,val,Rock Climbing,3
uniandes_bouldering_035_6,val,Rock Climbing,3
uniandes_bouldering_035_60,val,Rock Climbing,3
uniandes_bouldering_035_62,val,Rock Climbing,3
uniandes_bouldering_035_63,val,Rock Climbing,3
uniandes_bouldering_035_64,val,Rock Climbing,3
uniandes_bouldering_035_66,val,Rock Climbing,3
uniandes_bouldering_035_68,train,Rock Climbing,3
uniandes_bouldering_035_69,train,Rock Climbing,3
uniandes_bouldering_035_70,train,Rock Climbing,3
uniandes_bouldering_035_71,train,Rock Climbing,3
uniandes_bouldering_035_73,val,Rock Climbing,3
uniandes_bouldering_035_74,val,Rock Climbing,3
uniandes_bouldering_035_76,train,Rock Climbing,3
uniandes_bouldering_035_77,train,Rock Climbing,3
uniandes_bouldering_035_78,train,Rock Climbing,3
uniandes_bouldering_035_79,train,Rock Climbing,3
uniandes_bouldering_035_8,train,Rock Climbing,3
uniandes_bouldering_035_80,train,Rock Climbing,3
uniandes_bouldering_035_81,train,Rock Climbing,3
uniandes_bouldering_035_82,train,Rock Climbing,3
uniandes_bouldering_035_84,val,Rock Climbing,3
uniandes_bouldering_035_85,val,Rock Climbing,3
uniandes_bouldering_035_86,val,Rock Climbing,3
uniandes_bouldering_035_87,val,Rock Climbing,3
uniandes_bouldering_035_89,val,Rock Climbing,3
uniandes_bouldering_035_90,val,Rock Climbing,3
uniandes_bouldering_035_91,val,Rock Climbing,3
uniandes_bouldering_035_93,val,Rock Climbing,3
uniandes_bouldering_035_95,train,Rock Climbing,3
uniandes_bouldering_035_96,train,Rock Climbing,3
uniandes_bouldering_035_97,train,Rock Climbing,3
uniandes_bouldering_035_98,train,Rock Climbing,3
uniandes_bouldering_035_99,train,Rock Climbing,3
uniandes_bouldering_036_10,train,Rock Climbing,3
uniandes_bouldering_036_12,train,Rock Climbing,3
uniandes_bouldering_036_14,train,Rock Climbing,3
uniandes_bouldering_036_15,train,Rock Climbing,3
uniandes_bouldering_036_16,train,Rock Climbing,3
uniandes_bouldering_036_17,train,Rock Climbing,3
uniandes_bouldering_036_19,val,Rock Climbing,3
uniandes_bouldering_036_2,train,Rock Climbing,3
uniandes_bouldering_036_21,train,Rock Climbing,3
uniandes_bouldering_036_23,train,Rock Climbing,3
uniandes_bouldering_036_25,train,Rock Climbing,3
uniandes_bouldering_036_26,train,Rock Climbing,3
uniandes_bouldering_036_27,train,Rock Climbing,3
uniandes_bouldering_036_29,train,Rock Climbing,3
uniandes_bouldering_036_30,train,Rock Climbing,3
uniandes_bouldering_036_31,train,Rock Climbing,3
uniandes_bouldering_036_33,train,Rock Climbing,3
uniandes_bouldering_036_34,train,Rock Climbing,3
uniandes_bouldering_036_35,train,Rock Climbing,3
uniandes_bouldering_036_36,train,Rock Climbing,3
uniandes_bouldering_036_37,train,Rock Climbing,3
uniandes_bouldering_036_38,train,Rock Climbing,3
uniandes_bouldering_036_39,train,Rock Climbing,3
uniandes_bouldering_036_4,train,Rock Climbing,3
uniandes_bouldering_036_41,val,Rock Climbing,3
uniandes_bouldering_036_42,val,Rock Climbing,3
uniandes_bouldering_036_43,val,Rock Climbing,3
uniandes_bouldering_036_45,train,Rock Climbing,3
uniandes_bouldering_036_46,train,Rock Climbing,3
uniandes_bouldering_036_47,train,Rock Climbing,3
uniandes_bouldering_036_48,train,Rock Climbing,3
uniandes_bouldering_036_49,train,Rock Climbing,3
uniandes_bouldering_036_50,train,Rock Climbing,3
uniandes_bouldering_036_51,train,Rock Climbing,3
uniandes_bouldering_036_52,train,Rock Climbing,3
uniandes_bouldering_036_54,train,Rock Climbing,3
uniandes_bouldering_036_55,train,Rock Climbing,3
uniandes_bouldering_036_56,train,Rock Climbing,3
uniandes_bouldering_036_57,train,Rock Climbing,3
uniandes_bouldering_036_58,train,Rock Climbing,3
uniandes_bouldering_036_59,train,Rock Climbing,3
uniandes_bouldering_036_6,val,Rock Climbing,3
uniandes_bouldering_036_60,train,Rock Climbing,3
uniandes_bouldering_036_61,train,Rock Climbing,3
uniandes_bouldering_036_62,train,Rock Climbing,3
uniandes_bouldering_036_64,train,Rock Climbing,3
uniandes_bouldering_036_66,train,Rock Climbing,3
uniandes_bouldering_036_67,train,Rock Climbing,3
uniandes_bouldering_036_68,train,Rock Climbing,3
uniandes_bouldering_036_70,train,Rock Climbing,3
uniandes_bouldering_036_71,train,Rock Climbing,3
uniandes_bouldering_036_73,val,Rock Climbing,3
uniandes_bouldering_036_74,val,Rock Climbing,3
uniandes_bouldering_036_76,train,Rock Climbing,3
uniandes_bouldering_036_78,train,Rock Climbing,3
uniandes_bouldering_036_79,train,Rock Climbing,3
uniandes_bouldering_036_8,train,Rock Climbing,3
uniandes_bouldering_036_80,train,Rock Climbing,3
uniandes_bouldering_036_81,train,Rock Climbing,3
uniandes_bouldering_037_10,train,Rock Climbing,3
uniandes_bouldering_037_12,train,Rock Climbing,3
uniandes_bouldering_037_14,train,Rock Climbing,3
uniandes_bouldering_037_16,train,Rock Climbing,3
uniandes_bouldering_037_17,train,Rock Climbing,3
uniandes_bouldering_037_19,val,Rock Climbing,3
uniandes_bouldering_037_2,train,Rock Climbing,3
uniandes_bouldering_037_20,val,Rock Climbing,3
uniandes_bouldering_037_22,train,Rock Climbing,3
uniandes_bouldering_037_24,train,Rock Climbing,3
uniandes_bouldering_037_25,train,Rock Climbing,3
uniandes_bouldering_037_26,train,Rock Climbing,3
uniandes_bouldering_037_28,train,Rock Climbing,3
uniandes_bouldering_037_29,train,Rock Climbing,3
uniandes_bouldering_037_30,train,Rock Climbing,3
uniandes_bouldering_037_32,train,Rock Climbing,3
uniandes_bouldering_037_33,train,Rock Climbing,3
uniandes_bouldering_037_34,train,Rock Climbing,3
uniandes_bouldering_037_36,val,Rock Climbing,3
uniandes_bouldering_037_38,train,Rock Climbing,3
uniandes_bouldering_037_39,train,Rock Climbing,3
uniandes_bouldering_037_4,train,Rock Climbing,3
uniandes_bouldering_037_41,train,Rock Climbing,3
uniandes_bouldering_037_42,train,Rock Climbing,3
uniandes_bouldering_037_43,train,Rock Climbing,3
uniandes_bouldering_037_45,train,Rock Climbing,3
uniandes_bouldering_037_46,train,Rock Climbing,3
uniandes_bouldering_037_48,train,Rock Climbing,3
uniandes_bouldering_037_49,train,Rock Climbing,3
uniandes_bouldering_037_50,train,Rock Climbing,3
uniandes_bouldering_037_51,train,Rock Climbing,3
uniandes_bouldering_037_52,train,Rock Climbing,3
uniandes_bouldering_037_54,val,Rock Climbing,3
uniandes_bouldering_037_55,val,Rock Climbing,3
uniandes_bouldering_037_56,val,Rock Climbing,3
uniandes_bouldering_037_58,train,Rock Climbing,3
uniandes_bouldering_037_6,val,Rock Climbing,3
uniandes_bouldering_037_60,train,Rock Climbing,3
uniandes_bouldering_037_8,train,Rock Climbing,3
uniandes_cooking_001_10,train,Cooking,4
uniandes_cooking_001_12,train,Cooking,4
uniandes_cooking_001_3,val,Cooking,4
uniandes_cooking_001_5,val,Cooking,4
uniandes_cooking_001_8,val,Cooking,4
uniandes_cooking_002_10,train,Cooking,4
uniandes_cooking_002_12,train,Cooking,4
uniandes_cooking_002_2,test,Cooking,4
uniandes_cooking_002_4,test,Cooking,4
uniandes_cooking_002_6,train,Cooking,4
uniandes_cooking_002_8,train,Cooking,4
uniandes_cooking_003_10,test,Cooking,4
uniandes_cooking_003_13,train,Cooking,4
uniandes_cooking_003_2,test,Cooking,4
uniandes_cooking_003_4,test,Cooking,4
uniandes_cooking_003_6,train,Cooking,4
uniandes_cooking_003_8,train,Cooking,4
uniandes_cooking_004_2,test,Cooking,4
uniandes_cooking_004_4,test,Cooking,4
uniandes_cooking_004_6,val,Cooking,4
uniandes_cooking_004_8,val,Cooking,4
uniandes_cooking_005_10,test,Cooking,4
uniandes_cooking_005_12,test,Cooking,4
uniandes_cooking_005_2,train,Cooking,4
uniandes_cooking_005_4,train,Cooking,4
uniandes_cooking_005_6,train,Cooking,4
uniandes_cooking_005_8,train,Cooking,4
uniandes_cooking_006_10,train,Cooking,4
uniandes_cooking_006_2,train,Cooking,4
uniandes_cooking_006_4,train,Cooking,4
uniandes_cooking_006_6,val,Cooking,4
uniandes_cooking_006_8,val,Cooking,4
uniandes_cooking_007_2,train,Cooking,4
uniandes_cooking_007_4,train,Cooking,4
uniandes_cooking_007_6,train,Cooking,4
uniandes_cooking_007_8,val,Cooking,4
uniandes_cooking_008_10,train,Cooking,4
uniandes_cooking_008_2,val,Cooking,4
uniandes_cooking_008_4,train,Cooking,4
uniandes_cooking_008_6,train,Cooking,4
uniandes_cooking_008_8,train,Cooking,4
uniandes_cooking_009_2,train,Cooking,4
uniandes_cooking_009_4,train,Cooking,4
uniandes_cooking_009_6,train,Cooking,4
uniandes_dance_002_10,val,Dance,1
uniandes_dance_002_11,val,Dance,1
uniandes_dance_002_13,train,Dance,1
uniandes_dance_002_14,train,Dance,1
uniandes_dance_002_15,train,Dance,1
uniandes_dance_002_16,train,Dance,1
uniandes_dance_002_17,train,Dance,1
uniandes_dance_002_19,train,Dance,1
uniandes_dance_002_2,val,Dance,1
uniandes_dance_002_20,train,Dance,1
uniandes_dance_002_21,train,Dance,1
uniandes_dance_002_24,train,Dance,1
uniandes_dance_002_25,train,Dance,1
uniandes_dance_002_27,test,Dance,1
uniandes_dance_002_28,test,Dance,1
uniandes_dance_002_29,test,Dance,1
uniandes_dance_002_3,val,Dance,1
uniandes_dance_002_30,test,Dance,1
uniandes_dance_002_31,test,Dance,1
uniandes_dance_002_32,test,Dance,1
uniandes_dance_002_33,test,Dance,1
uniandes_dance_002_34,test,Dance,1
uniandes_dance_002_35,test,Dance,1
uniandes_dance_002_36,test,Dance,1
uniandes_dance_002_4,val,Dance,1
uniandes_dance_002_5,val,Dance,1
uniandes_dance_002_6,val,Dance,1
uniandes_dance_002_7,val,Dance,1
uniandes_dance_002_8,val,Dance,1
uniandes_dance_002_9,val,Dance,1
uniandes_dance_007_2,val,Dance,1
uniandes_dance_007_3,val,Dance,1
uniandes_dance_007_4,val,Dance,1
uniandes_dance_007_5,val,Dance,1
uniandes_dance_007_6,val,Dance,1
uniandes_dance_007_7,val,Dance,1
uniandes_dance_008_10,train,Dance,1
uniandes_dance_008_11,train,Dance,1
uniandes_dance_008_12,train,Dance,1
uniandes_dance_008_13,train,Dance,1
uniandes_dance_008_15,train,Dance,1
uniandes_dance_008_17,train,Dance,1
uniandes_dance_008_19,train,Dance,1
uniandes_dance_008_21,train,Dance,1
uniandes_dance_008_22,train,Dance,1
uniandes_dance_008_23,train,Dance,1
uniandes_dance_008_24,train,Dance,1
uniandes_dance_008_25,train,Dance,1
uniandes_dance_008_26,train,Dance,1
uniandes_dance_008_27,train,Dance,1
uniandes_dance_008_29,val,Dance,1
uniandes_dance_008_30,val,Dance,1
uniandes_dance_008_31,val,Dance,1
uniandes_dance_008_32,val,Dance,1
uniandes_dance_008_33,val,Dance,1
uniandes_dance_008_34,val,Dance,1
uniandes_dance_008_35,val,Dance,1
uniandes_dance_008_36,val,Dance,1
uniandes_dance_008_37,val,Dance,1
uniandes_dance_008_38,val,Dance,1
uniandes_dance_008_4,train,Dance,1
uniandes_dance_008_41,train,Dance,1
uniandes_dance_008_43,train,Dance,1
uniandes_dance_008_44,train,Dance,1
uniandes_dance_008_45,train,Dance,1
uniandes_dance_008_46,train,Dance,1
uniandes_dance_008_47,train,Dance,1
uniandes_dance_008_48,train,Dance,1
uniandes_dance_008_49,train,Dance,1
uniandes_dance_008_50,train,Dance,1
uniandes_dance_008_51,train,Dance,1
uniandes_dance_008_6,train,Dance,1
uniandes_dance_008_7,train,Dance,1
uniandes_dance_008_8,train,Dance,1
uniandes_dance_008_9,train,Dance,1
uniandes_dance_011_10,test,Dance,1
uniandes_dance_011_11,test,Dance,1
uniandes_dance_011_13,test,Dance,1
uniandes_dance_011_14,test,Dance,1
uniandes_dance_011_16,train,Dance,1
uniandes_dance_011_17,train,Dance,1
uniandes_dance_011_18,train,Dance,1
uniandes_dance_011_19,train,Dance,1
uniandes_dance_011_2,test,Dance,1
uniandes_dance_011_20,train,Dance,1
uniandes_dance_011_21,train,Dance,1
uniandes_dance_011_22,train,Dance,1
uniandes_dance_011_23,train,Dance,1
uniandes_dance_011_24,train,Dance,1
uniandes_dance_011_25,train,Dance,1
uniandes_dance_011_27,train,Dance,1
uniandes_dance_011_28,train,Dance,1
uniandes_dance_011_29,train,Dance,1
uniandes_dance_011_3,test,Dance,1
uniandes_dance_011_30,train,Dance,1
uniandes_dance_011_31,train,Dance,1
uniandes_dance_011_32,train,Dance,1
uniandes_dance_011_33,train,Dance,1
uniandes_dance_011_34,train,Dance,1
uniandes_dance_011_35,train,Dance,1
uniandes_dance_011_36,train,Dance,1
uniandes_dance_011_38,val,Dance,1
uniandes_dance_011_39,val,Dance,1
uniandes_dance_011_40,val,Dance,1
uniandes_dance_011_41,val,Dance,1
uniandes_dance_011_42,val,Dance,1
uniandes_dance_011_43,val,Dance,1
uniandes_dance_011_44,val,Dance,1
uniandes_dance_011_45,val,Dance,1
uniandes_dance_011_46,val,Dance,1
uniandes_dance_011_47,val,Dance,1
uniandes_dance_011_5,test,Dance,1
uniandes_dance_011_6,test,Dance,1
uniandes_dance_011_7,test,Dance,1
uniandes_dance_011_8,test,Dance,1
uniandes_dance_011_9,train,Dance,1
uniandes_dance_012_10,train,Dance,1
uniandes_dance_012_12,train,Dance,1
uniandes_dance_012_14,train,Dance,1
uniandes_dance_012_15,train,Dance,1
uniandes_dance_012_16,train,Dance,1
uniandes_dance_012_17,train,Dance,1
uniandes_dance_012_19,train,Dance,1
uniandes_dance_012_2,train,Dance,1
uniandes_dance_012_20,train,Dance,1
uniandes_dance_012_22,train,Dance,1
uniandes_dance_012_23,train,Dance,1
uniandes_dance_012_24,train,Dance,1
uniandes_dance_012_25,train,Dance,1
uniandes_dance_012_27,train,Dance,1
uniandes_dance_012_28,train,Dance,1
uniandes_dance_012_29,train,Dance,1
uniandes_dance_012_3,train,Dance,1
uniandes_dance_012_30,train,Dance,1
uniandes_dance_012_31,train,Dance,1
uniandes_dance_012_33,train,Dance,1
uniandes_dance_012_34,train,Dance,1
uniandes_dance_012_35,train,Dance,1
uniandes_dance_012_36,train,Dance,1
uniandes_dance_012_37,train,Dance,1
uniandes_dance_012_39,train,Dance,1
uniandes_dance_012_4,train,Dance,1
uniandes_dance_012_42,test,Dance,1
uniandes_dance_012_43,test,Dance,1
uniandes_dance_012_44,test,Dance,1
uniandes_dance_012_45,test,Dance,1
uniandes_dance_012_46,test,Dance,1
uniandes_dance_012_47,test,Dance,1
uniandes_dance_012_48,test,Dance,1
uniandes_dance_012_49,test,Dance,1
uniandes_dance_012_5,train,Dance,1
uniandes_dance_012_50,test,Dance,1
uniandes_dance_012_51,test,Dance,1
uniandes_dance_012_6,train,Dance,1
uniandes_dance_012_7,train,Dance,1
uniandes_dance_012_8,train,Dance,1
uniandes_dance_012_9,train,Dance,1
uniandes_dance_013_10,train,Dance,1
uniandes_dance_013_11,train,Dance,1
uniandes_dance_013_13,train,Dance,1
uniandes_dance_013_14,train,Dance,1
uniandes_dance_013_15,train,Dance,1
uniandes_dance_013_16,train,Dance,1
uniandes_dance_013_17,train,Dance,1
uniandes_dance_013_18,train,Dance,1
uniandes_dance_013_19,train,Dance,1
uniandes_dance_013_2,train,Dance,1
uniandes_dance_013_20,train,Dance,1
uniandes_dance_013_21,train,Dance,1
uniandes_dance_013_22,train,Dance,1
uniandes_dance_013_3,train,Dance,1
uniandes_dance_013_4,train,Dance,1
uniandes_dance_013_5,train,Dance,1
uniandes_dance_013_6,train,Dance,1
uniandes_dance_013_7,train,Dance,1
uniandes_dance_013_8,train,Dance,1
uniandes_dance_013_9,train,Dance,1
uniandes_dance_015_10,test,Dance,1
uniandes_dance_015_11,test,Dance,1
uniandes_dance_015_13,train,Dance,1
uniandes_dance_015_14,train,Dance,1
uniandes_dance_015_15,train,Dance,1
uniandes_dance_015_16,train,Dance,1
uniandes_dance_015_17,train,Dance,1
uniandes_dance_015_18,train,Dance,1
uniandes_dance_015_19,train,Dance,1
uniandes_dance_015_2,test,Dance,1
uniandes_dance_015_20,train,Dance,1
uniandes_dance_015_21,train,Dance,1
uniandes_dance_015_22,train,Dance,1
uniandes_dance_015_24,test,Dance,1
uniandes_dance_015_25,test,Dance,1
uniandes_dance_015_26,test,Dance,1
uniandes_dance_015_27,test,Dance,1
uniandes_dance_015_28,test,Dance,1
uniandes_dance_015_3,test,Dance,1
uniandes_dance_015_30,test,Dance,1
uniandes_dance_015_31,test,Dance,1
uniandes_dance_015_32,test,Dance,1
uniandes_dance_015_33,test,Dance,1
uniandes_dance_015_35,test,Dance,1
uniandes_dance_015_37,test,Dance,1
uniandes_dance_015_38,test,Dance,1
uniandes_dance_015_39,test,Dance,1
uniandes_dance_015_4,test,Dance,1
uniandes_dance_015_40,test,Dance,1
uniandes_dance_015_41,test,Dance,1
uniandes_dance_015_42,test,Dance,1
uniandes_dance_015_43,test,Dance,1
uniandes_dance_015_44,test,Dance,1
uniandes_dance_015_45,test,Dance,1
uniandes_dance_015_46,test,Dance,1
uniandes_dance_015_5,test,Dance,1
uniandes_dance_015_6,test,Dance,1
uniandes_dance_015_7,test,Dance,1
uniandes_dance_015_8,test,Dance,1
uniandes_dance_015_9,test,Dance,1
uniandes_dance_016_10,val,Dance,1
uniandes_dance_016_11,val,Dance,1
uniandes_dance_016_12,val,Dance,1
uniandes_dance_016_13,val,Dance,1
uniandes_dance_016_14,val,Dance,1
uniandes_dance_016_16,train,Dance,1
uniandes_dance_016_17,train,Dance,1
uniandes_dance_016_18,train,Dance,1
uniandes_dance_016_19,train,Dance,1
uniandes_dance_016_21,train,Dance,1
uniandes_dance_016_23,train,Dance,1
uniandes_dance_016_24,train,Dance,1
uniandes_dance_016_25,train,Dance,1
uniandes_dance_016_27,train,Dance,1
uniandes_dance_016_28,train,Dance,1
uniandes_dance_016_3,val,Dance,1
uniandes_dance_016_30,val,Dance,1
uniandes_dance_016_31,val,Dance,1
uniandes_dance_016_32,val,Dance,1
uniandes_dance_016_33,val,Dance,1
uniandes_dance_016_34,val,Dance,1
uniandes_dance_016_36,val,Dance,1
uniandes_dance_016_37,val,Dance,1
uniandes_dance_016_38,val,Dance,1
uniandes_dance_016_39,val,Dance,1
uniandes_dance_016_4,val,Dance,1
uniandes_dance_016_40,val,Dance,1
uniandes_dance_016_42,val,Dance,1
uniandes_dance_016_43,val,Dance,1
uniandes_dance_016_44,val,Dance,1
uniandes_dance_016_45,val,Dance,1
uniandes_dance_016_46,val,Dance,1
uniandes_dance_016_6,val,Dance,1
uniandes_dance_016_7,val,Dance,1
uniandes_dance_016_8,val,Dance,1
uniandes_dance_017_10,train,Dance,1
uniandes_dance_017_12,train,Dance,1
uniandes_dance_017_13,train,Dance,1
uniandes_dance_017_14,train,Dance,1
uniandes_dance_017_16,train,Dance,1
uniandes_dance_017_17,train,Dance,1
uniandes_dance_017_18,train,Dance,1
uniandes_dance_017_2,val,Dance,1
uniandes_dance_017_20,test,Dance,1
uniandes_dance_017_21,test,Dance,1
uniandes_dance_017_22,test,Dance,1
uniandes_dance_017_23,test,Dance,1
uniandes_dance_017_25,test,Dance,1
uniandes_dance_017_26,test,Dance,1
uniandes_dance_017_27,test,Dance,1
uniandes_dance_017_28,test,Dance,1
uniandes_dance_017_3,val,Dance,1
uniandes_dance_017_31,train,Dance,1
uniandes_dance_017_32,train,Dance,1
uniandes_dance_017_35,train,Dance,1
uniandes_dance_017_36,train,Dance,1
uniandes_dance_017_38,train,Dance,1
uniandes_dance_017_39,train,Dance,1
uniandes_dance_017_4,val,Dance,1
uniandes_dance_017_40,train,Dance,1
uniandes_dance_017_41,train,Dance,1
uniandes_dance_017_43,test,Dance,1
uniandes_dance_017_45,test,Dance,1
uniandes_dance_017_46,test,Dance,1
uniandes_dance_017_47,test,Dance,1
uniandes_dance_017_49,test,Dance,1
uniandes_dance_017_5,val,Dance,1
uniandes_dance_017_50,test,Dance,1
uniandes_dance_017_51,test,Dance,1
uniandes_dance_017_52,test,Dance,1
uniandes_dance_017_54,train,Dance,1
uniandes_dance_017_56,train,Dance,1
uniandes_dance_017_57,train,Dance,1
uniandes_dance_017_58,train,Dance,1
uniandes_dance_017_6,val,Dance,1
uniandes_dance_017_8,train,Dance,1
uniandes_dance_017_9,train,Dance,1
uniandes_dance_018_10,test,Dance,1
uniandes_dance_018_12,test,Dance,1
uniandes_dance_018_13,test,Dance,1
uniandes_dance_018_14,test,Dance,1
uniandes_dance_018_15,test,Dance,1
uniandes_dance_018_17,test,Dance,1
uniandes_dance_018_18,test,Dance,1
uniandes_dance_018_19,test,Dance,1
uniandes_dance_018_2,train,Dance,1
uniandes_dance_018_20,test,Dance,1
uniandes_dance_018_22,test,Dance,1
uniandes_dance_018_23,test,Dance,1
uniandes_dance_018_24,test,Dance,1
uniandes_dance_018_25,test,Dance,1
uniandes_dance_018_27,val,Dance,1
uniandes_dance_018_28,val,Dance,1
uniandes_dance_018_29,val,Dance,1
uniandes_dance_018_3,train,Dance,1
uniandes_dance_018_30,val,Dance,1
uniandes_dance_018_32,val,Dance,1
uniandes_dance_018_33,val,Dance,1
uniandes_dance_018_34,val,Dance,1
uniandes_dance_018_35,val,Dance,1
uniandes_dance_018_37,train,Dance,1
uniandes_dance_018_38,train,Dance,1
uniandes_dance_018_39,train,Dance,1
uniandes_dance_018_4,train,Dance,1
uniandes_dance_018_40,train,Dance,1
uniandes_dance_018_42,train,Dance,1
uniandes_dance_018_43,train,Dance,1
uniandes_dance_018_44,train,Dance,1
uniandes_dance_018_45,train,Dance,1
uniandes_dance_018_5,train,Dance,1
uniandes_dance_018_7,test,Dance,1
uniandes_dance_018_8,test,Dance,1
uniandes_dance_018_9,test,Dance,1
uniandes_dance_019_10,train,Dance,1
uniandes_dance_019_13,train,Dance,1
uniandes_dance_019_14,train,Dance,1
uniandes_dance_019_15,train,Dance,1
uniandes_dance_019_17,val,Dance,1
uniandes_dance_019_18,val,Dance,1
uniandes_dance_019_19,val,Dance,1
uniandes_dance_019_2,train,Dance,1
uniandes_dance_019_20,val,Dance,1
uniandes_dance_019_22,val,Dance,1
uniandes_dance_019_24,val,Dance,1
uniandes_dance_019_25,val,Dance,1
uniandes_dance_019_26,val,Dance,1
uniandes_dance_019_27,val,Dance,1
uniandes_dance_019_28,val,Dance,1
uniandes_dance_019_3,train,Dance,1
uniandes_dance_019_30,test,Dance,1
uniandes_dance_019_31,test,Dance,1
uniandes_dance_019_33,test,Dance,1
uniandes_dance_019_34,test,Dance,1
uniandes_dance_019_36,train,Dance,1
uniandes_dance_019_37,test,Dance,1
uniandes_dance_019_4,train,Dance,1
uniandes_dance_019_40,test,Dance,1
uniandes_dance_019_41,test,Dance,1
uniandes_dance_019_42,test,Dance,1
uniandes_dance_019_43,test,Dance,1
uniandes_dance_019_44,test,Dance,1
uniandes_dance_019_46,val,Dance,1
uniandes_dance_019_47,val,Dance,1
uniandes_dance_019_49,val,Dance,1
uniandes_dance_019_5,train,Dance,1
uniandes_dance_019_51,val,Dance,1
uniandes_dance_019_52,val,Dance,1
uniandes_dance_019_54,val,Dance,1
uniandes_dance_019_55,val,Dance,1
uniandes_dance_019_56,val,Dance,1
uniandes_dance_019_57,val,Dance,1
uniandes_dance_019_58,val,Dance,1
uniandes_dance_019_6,train,Dance,1
uniandes_dance_019_7,train,Dance,1
uniandes_dance_019_9,train,Dance,1
uniandes_dance_020_11,train,Dance,1
uniandes_dance_020_13,train,Dance,1
uniandes_dance_020_14,train,Dance,1
uniandes_dance_020_15,train,Dance,1
uniandes_dance_020_17,train,Dance,1
uniandes_dance_020_18,train,Dance,1
uniandes_dance_020_20,train,Dance,1
uniandes_dance_020_21,train,Dance,1
uniandes_dance_020_22,train,Dance,1
uniandes_dance_020_24,train,Dance,1
uniandes_dance_020_25,train,Dance,1
uniandes_dance_020_26,train,Dance,1
uniandes_dance_020_27,train,Dance,1
uniandes_dance_020_28,train,Dance,1
uniandes_dance_020_3,train,Dance,1
uniandes_dance_020_30,train,Dance,1
uniandes_dance_020_31,train,Dance,1
uniandes_dance_020_32,train,Dance,1
uniandes_dance_020_33,train,Dance,1
uniandes_dance_020_34,train,Dance,1
uniandes_dance_020_36,train,Dance,1
uniandes_dance_020_37,train,Dance,1
uniandes_dance_020_38,train,Dance,1
uniandes_dance_020_40,train,Dance,1
uniandes_dance_020_42,train,Dance,1
uniandes_dance_020_45,train,Dance,1
uniandes_dance_020_48,train,Dance,1
uniandes_dance_020_49,train,Dance,1
uniandes_dance_020_50,train,Dance,1
uniandes_dance_020_51,train,Dance,1
uniandes_dance_020_52,train,Dance,1
uniandes_dance_020_55,train,Dance,1
uniandes_dance_020_57,train,Dance,1
uniandes_dance_020_58,train,Dance,1
uniandes_dance_020_59,train,Dance,1
uniandes_dance_020_6,train,Dance,1
uniandes_dance_020_61,train,Dance,1
uniandes_dance_020_62,train,Dance,1
uniandes_dance_020_7,train,Dance,1
uniandes_dance_020_8,train,Dance,1
uniandes_dance_021_10,train,Dance,1
uniandes_dance_021_11,train,Dance,1
uniandes_dance_021_12,train,Dance,1
uniandes_dance_021_13,train,Dance,1
uniandes_dance_021_15,train,Dance,1
uniandes_dance_021_17,train,Dance,1
uniandes_dance_021_18,train,Dance,1
uniandes_dance_021_19,train,Dance,1
uniandes_dance_021_2,train,Dance,1
uniandes_dance_021_20,train,Dance,1
uniandes_dance_021_22,train,Dance,1
uniandes_dance_021_23,train,Dance,1
uniandes_dance_021_25,train,Dance,1
uniandes_dance_021_26,train,Dance,1
uniandes_dance_021_27,train,Dance,1
uniandes_dance_021_29,train,Dance,1
uniandes_dance_021_31,train,Dance,1
uniandes_dance_021_32,train,Dance,1
uniandes_dance_021_33,train,Dance,1
uniandes_dance_021_35,train,Dance,1
uniandes_dance_021_37,train,Dance,1
uniandes_dance_021_38,train,Dance,1
uniandes_dance_021_39,train,Dance,1
uniandes_dance_021_4,train,Dance,1
uniandes_dance_021_42,train,Dance,1
uniandes_dance_021_44,train,Dance,1
uniandes_dance_021_46,train,Dance,1
uniandes_dance_021_47,train,Dance,1
uniandes_dance_021_49,train,Dance,1
uniandes_dance_021_5,train,Dance,1
uniandes_dance_021_50,train,Dance,1
uniandes_dance_021_51,train,Dance,1
uniandes_dance_021_53,train,Dance,1
uniandes_dance_021_54,train,Dance,1
uniandes_dance_021_55,train,Dance,1
uniandes_dance_021_56,train,Dance,1
uniandes_dance_021_57,train,Dance,1
uniandes_dance_021_6,train,Dance,1
uniandes_dance_021_7,train,Dance,1
uniandes_dance_021_9,train,Dance,1
uniandes_dance_022_10,train,Dance,1
uniandes_dance_022_11,train,Dance,1
uniandes_dance_022_12,train,Dance,1
uniandes_dance_022_15,train,Dance,1
uniandes_dance_022_16,train,Dance,1
uniandes_dance_022_17,train,Dance,1
uniandes_dance_022_18,train,Dance,1
uniandes_dance_022_20,train,Dance,1
uniandes_dance_022_22,train,Dance,1
uniandes_dance_022_23,train,Dance,1
uniandes_dance_022_24,train,Dance,1
uniandes_dance_022_25,train,Dance,1
uniandes_dance_022_26,train,Dance,1
uniandes_dance_022_27,train,Dance,1
uniandes_dance_022_29,train,Dance,1
uniandes_dance_022_3,train,Dance,1
uniandes_dance_022_30,train,Dance,1
uniandes_dance_022_31,train,Dance,1
uniandes_dance_022_33,train,Dance,1
uniandes_dance_022_35,train,Dance,1
uniandes_dance_022_36,train,Dance,1
uniandes_dance_022_37,train,Dance,1
uniandes_dance_022_38,train,Dance,1
uniandes_dance_022_39,train,Dance,1
uniandes_dance_022_4,train,Dance,1
uniandes_dance_022_41,train,Dance,1
uniandes_dance_022_42,train,Dance,1
uniandes_dance_022_44,train,Dance,1
uniandes_dance_022_45,train,Dance,1
uniandes_dance_022_46,train,Dance,1
uniandes_dance_022_47,train,Dance,1
uniandes_dance_022_48,train,Dance,1
uniandes_dance_022_49,train,Dance,1
uniandes_dance_022_5,train,Dance,1
uniandes_dance_022_50,train,Dance,1
uniandes_dance_022_52,train,Dance,1
uniandes_dance_022_6,train,Dance,1
uniandes_dance_022_7,train,Dance,1
uniandes_dance_022_8,train,Dance,1
uniandes_dance_022_9,train,Dance,1
uniandes_dance_023_10,test,Dance,1
uniandes_dance_023_12,train,Dance,1
uniandes_dance_023_13,train,Dance,1
uniandes_dance_023_14,train,Dance,1
uniandes_dance_023_15,train,Dance,1
uniandes_dance_023_16,train,Dance,1
uniandes_dance_023_17,train,Dance,1
uniandes_dance_023_18,train,Dance,1
uniandes_dance_023_19,train,Dance,1
uniandes_dance_023_2,test,Dance,1
uniandes_dance_023_20,train,Dance,1
uniandes_dance_023_22,train,Dance,1
uniandes_dance_023_23,val,Dance,1
uniandes_dance_023_24,val,Dance,1
uniandes_dance_023_25,train,Dance,1
uniandes_dance_023_26,val,Dance,1
uniandes_dance_023_28,train,Dance,1
uniandes_dance_023_29,val,Dance,1
uniandes_dance_023_3,test,Dance,1
uniandes_dance_023_30,train,Dance,1
uniandes_dance_023_33,train,Dance,1
uniandes_dance_023_35,train,Dance,1
uniandes_dance_023_37,train,Dance,1
uniandes_dance_023_38,train,Dance,1
uniandes_dance_023_39,train,Dance,1
uniandes_dance_023_4,test,Dance,1
uniandes_dance_023_40,train,Dance,1
uniandes_dance_023_42,train,Dance,1
uniandes_dance_023_44,train,Dance,1
uniandes_dance_023_45,train,Dance,1
uniandes_dance_023_46,train,Dance,1
uniandes_dance_023_49,train,Dance,1
uniandes_dance_023_5,test,Dance,1
uniandes_dance_023_51,train,Dance,1
uniandes_dance_023_52,train,Dance,1
uniandes_dance_023_53,train,Dance,1
uniandes_dance_023_54,train,Dance,1
uniandes_dance_023_55,train,Dance,1
uniandes_dance_023_56,train,Dance,1
uniandes_dance_023_57,train,Dance,1
uniandes_dance_023_58,train,Dance,1
uniandes_dance_023_7,test,Dance,1
uniandes_dance_023_8,test,Dance,1
uniandes_dance_023_9,train,Dance,1
uniandes_dance_024_11,val,Dance,1
uniandes_dance_024_12,val,Dance,1
uniandes_dance_024_13,val,Dance,1
uniandes_dance_024_14,val,Dance,1
uniandes_dance_024_15,val,Dance,1
uniandes_dance_024_16,val,Dance,1
uniandes_dance_024_17,val,Dance,1
uniandes_dance_024_19,test,Dance,1
uniandes_dance_024_2,train,Dance,1
uniandes_dance_024_20,test,Dance,1
uniandes_dance_024_21,test,Dance,1
uniandes_dance_024_22,test,Dance,1
uniandes_dance_024_23,test,Dance,1
uniandes_dance_024_24,test,Dance,1
uniandes_dance_024_25,test,Dance,1
uniandes_dance_024_28,test,Dance,1
uniandes_dance_024_3,train,Dance,1
uniandes_dance_024_30,test,Dance,1
uniandes_dance_024_31,test,Dance,1
uniandes_dance_024_32,test,Dance,1
uniandes_dance_024_33,test,Dance,1
uniandes_dance_024_34,test,Dance,1
uniandes_dance_024_35,test,Dance,1
uniandes_dance_024_37,train,Dance,1
uniandes_dance_024_38,train,Dance,1
uniandes_dance_024_39,train,Dance,1
uniandes_dance_024_4,train,Dance,1
uniandes_dance_024_40,train,Dance,1
uniandes_dance_024_41,train,Dance,1
uniandes_dance_024_42,train,Dance,1
uniandes_dance_024_43,train,Dance,1
uniandes_dance_024_45,val,Dance,1
uniandes_dance_024_47,val,Dance,1
uniandes_dance_024_48,val,Dance,1
uniandes_dance_024_49,val,Dance,1
uniandes_dance_024_5,train,Dance,1
uniandes_dance_024_6,train,Dance,1
uniandes_dance_024_7,train,Dance,1
uniandes_dance_024_8,train,Dance,1
upenn_0317_Violin_3_10,train,Music,6
upenn_0317_Violin_3_7,train,Music,6
upenn_0317_Violin_3_8,train,Music,6
upenn_0317_Violin_3_9,train,Music,6
upenn_0324_Piano_1_2,train,Music,6
upenn_0324_Piano_1_3,train,Music,6
upenn_0324_Piano_1_4,train,Music,6
upenn_0324_Piano_1_5,train,Music,6
upenn_0331_Guitar_1_2,val,Music,6
upenn_0331_Guitar_1_3,val,Music,6
upenn_0331_Guitar_1_4,val,Music,6
upenn_0331_Guitar_1_5,val,Music,6
upenn_0331_Guitar_2_2,train,Music,6
upenn_0331_Guitar_2_3,train,Music,6
upenn_0331_Guitar_2_4,train,Music,6
upenn_0331_Guitar_2_5,train,Music,6
upenn_0331_Guitar_4_2,train,Music,6
upenn_0331_Guitar_4_3,train,Music,6
upenn_0331_Guitar_4_4,train,Music,6
upenn_0331_Guitar_4_5,train,Music,6
upenn_0407_Guitar_1_2,train,Music,6
upenn_0407_Guitar_1_3,train,Music,6
upenn_0407_Guitar_1_4,train,Music,6
upenn_0407_Guitar_1_5,train,Music,6
upenn_0407_Guitar_2_2,test,Music,6
upenn_0407_Guitar_2_3,test,Music,6
upenn_0407_Guitar_2_4,test,Music,6
upenn_0407_Guitar_2_5,test,Music,6
upenn_0407_Guitar_3_2,test,Music,6
upenn_0407_Guitar_3_3,test,Music,6
upenn_0407_Guitar_3_5,test,Music,6
upenn_0407_Guitar_3_6,test,Music,6
upenn_0407_Violin_1_2,train,Music,6
upenn_0407_Violin_1_3,train,Music,6
upenn_0407_Violin_1_4,train,Music,6
upenn_0407_Violin_1_5,train,Music,6
upenn_0407_Violin_2_2,train,Music,6
upenn_0407_Violin_2_3,train,Music,6
upenn_0407_Violin_2_4,train,Music,6
upenn_0407_Violin_2_5,train,Music,6
upenn_0407_Violin_3_2,test,Music,6
upenn_0407_Violin_3_3,test,Music,6
upenn_0407_Violin_3_4,test,Music,6
upenn_0407_Violin_3_6,test,Music,6
upenn_0601_Dance_2,test,Dance,1
upenn_0601_Dance_8,test,Dance,1
upenn_0628_Cooking_1_2,train,Cooking,4
upenn_0629_Dance_2_2,train,Dance,1
upenn_0629_Dance_2_4,train,Dance,1
upenn_0629_Dance_2_5,train,Dance,1
upenn_0629_Dance_2_6,train,Dance,1
upenn_0629_Dance_2_7,train,Dance,1
upenn_0629_Dance_3_2,train,Dance,1
upenn_0629_Dance_3_3,train,Dance,1
upenn_0629_Dance_3_4,train,Dance,1
upenn_0629_Dance_3_5,train,Dance,1
upenn_0629_Dance_3_6,train,Dance,1
upenn_0630_Cooking_2_2,test,Cooking,4
upenn_0630_Cooking_4_2,test,Cooking,4
upenn_0630_Cooking_4_3,test,Cooking,4
upenn_0630_Cooking_4_4,test,Cooking,4
upenn_0701_Piano_1_2,test,Music,6
upenn_0701_Piano_1_3,test,Music,6
upenn_0701_Piano_1_4,test,Music,6
upenn_0701_Piano_1_6,test,Music,6
upenn_0701_Piano_1_7,test,Music,6
upenn_0701_Piano_2_2,train,Music,6
upenn_0701_Piano_2_4,train,Music,6
upenn_0701_Piano_2_6,train,Music,6
upenn_0701_Piano_2_7,train,Music,6
upenn_0701_Piano_3_2,val,Music,6
upenn_0701_Piano_3_3,val,Music,6
upenn_0701_Piano_3_4,val,Music,6
upenn_0701_Piano_3_5,val,Music,6
upenn_0702_Cooking_1_2,val,Cooking,4
upenn_0702_Cooking_1_3,val,Cooking,4
upenn_0702_Cooking_1_4,val,Cooking,4
upenn_0702_Cooking_1_5,val,Cooking,4
upenn_0702_Cooking_2_2,train,Cooking,4
upenn_0702_Cooking_2_3,train,Cooking,4
upenn_0702_Cooking_3_2,train,Cooking,4
upenn_0702_Cooking_3_3,train,Cooking,4
upenn_0702_Cooking_4_2,train,Cooking,4
upenn_0702_Cooking_4_3,train,Cooking,4
upenn_0702_Cooking_5_2,train,Cooking,4
upenn_0702_Cooking_5_3,train,Cooking,4
upenn_0706_Dance_1_2,train,Dance,1
upenn_0706_Dance_1_3,train,Dance,1
upenn_0706_Dance_1_4,train,Dance,1
upenn_0706_Dance_1_6,train,Dance,1
upenn_0706_Dance_1_7,train,Dance,1
upenn_0706_Dance_2_2,train,Dance,1
upenn_0706_Dance_2_3,train,Dance,1
upenn_0706_Dance_2_4,train,Dance,1
upenn_0706_Dance_2_5,train,Dance,1
upenn_0706_Dance_3_2,test,Dance,1
upenn_0706_Dance_3_3,test,Dance,1
upenn_0706_Dance_3_4,test,Dance,1
upenn_0706_Dance_3_5,test,Dance,1
upenn_0706_Dance_4_2,val,Dance,1
upenn_0706_Dance_4_3,val,Dance,1
upenn_0706_Dance_4_4,val,Dance,1
upenn_0706_Dance_4_5,val,Dance,1
upenn_0706_Dance_5_2,train,Dance,1
upenn_0706_Dance_5_3,train,Dance,1
upenn_0706_Dance_5_4,train,Dance,1
upenn_0706_Dance_5_5,train,Dance,1
upenn_0706_Dance_5_6,train,Dance,1
upenn_0706_Guitar_2_2,train,Music,6
upenn_0706_Guitar_2_3,train,Music,6
upenn_0706_Guitar_2_4,train,Music,6
upenn_0706_Guitar_2_5,train,Music,6
upenn_0707_Dance_1_2,test,Dance,1
upenn_0707_Dance_1_3,test,Dance,1
upenn_0707_Dance_1_4,test,Dance,1
upenn_0707_Dance_1_5,test,Dance,1
upenn_0707_Dance_2_2,test,Dance,1
upenn_0707_Dance_2_3,test,Dance,1
upenn_0707_Dance_2_4,test,Dance,1
upenn_0707_Dance_2_5,test,Dance,1
upenn_0707_Dance_2_6,test,Dance,1
upenn_0707_Dance_3_3,test,Dance,1
upenn_0707_Dance_3_4,test,Dance,1
upenn_0707_Dance_3_5,test,Dance,1
upenn_0707_Dance_3_7,test,Dance,1
upenn_0707_Dance_3_8,test,Dance,1
upenn_0707_Dance_3_9,test,Dance,1
upenn_0707_Guitar_1_2,train,Music,6
upenn_0707_Guitar_1_5,train,Music,6
upenn_0707_Guitar_1_6,train,Music,6
upenn_0707_Guitar_1_8,train,Music,6
upenn_0707_Guitar_2_10,val,Music,6
upenn_0707_Guitar_2_2,val,Music,6
upenn_0707_Guitar_2_5,val,Music,6
upenn_0707_Guitar_2_7,val,Music,6
upenn_0709_Guitar_1_2,train,Music,6
upenn_0709_Guitar_1_5,train,Music,6
upenn_0709_Guitar_1_6,train,Music,6
upenn_0709_Guitar_1_7,train,Music,6
upenn_0710_Cooking_1_2,train,Cooking,4
upenn_0710_Cooking_1_3,train,Cooking,4
upenn_0710_Cooking_2_2,train,Cooking,4
upenn_0710_Cooking_2_3,train,Cooking,4
upenn_0710_Cooking_4_2,train,Cooking,4
upenn_0710_Cooking_4_3,train,Cooking,4
upenn_0710_Guitar_1_3,test,Music,6
upenn_0710_Guitar_1_4,test,Music,6
upenn_0710_Guitar_1_5,test,Music,6
upenn_0710_Guitar_1_6,test,Music,6
upenn_0710_Violin_1_2,test,Music,6
upenn_0710_Violin_1_3,test,Music,6
upenn_0710_Violin_1_5,test,Music,6
upenn_0711_Cooking_1_2,val,Cooking,4
upenn_0711_Cooking_2_2,val,Cooking,4
upenn_0711_Cooking_2_3,val,Cooking,4
upenn_0711_Cooking_2_4,val,Cooking,4
upenn_0711_Cooking_3_2,val,Cooking,4
upenn_0711_Cooking_3_3,val,Cooking,4
upenn_0711_Cooking_3_4,val,Cooking,4
upenn_0711_Cooking_3_5,val,Cooking,4
upenn_0711_Cooking_4_2,test,Cooking,4
upenn_0711_Cooking_5_2,test,Cooking,4
upenn_0711_Cooking_5_4,test,Cooking,4
upenn_0711_Cooking_5_5,test,Cooking,4
upenn_0711_Cooking_6_2,val,Cooking,4
upenn_0711_Cooking_6_3,val,Cooking,4
upenn_0711_Cooking_6_4,val,Cooking,4
upenn_0711_Cooking_6_5,val,Cooking,4
upenn_0712_Cooking_1_2,train,Cooking,4
upenn_0712_Cooking_1_3,train,Cooking,4
upenn_0712_Cooking_1_4,train,Cooking,4
upenn_0712_Cooking_1_5,train,Cooking,4
upenn_0712_Cooking_2_2,test,Cooking,4
upenn_0712_Cooking_2_3,test,Cooking,4
upenn_0712_Cooking_3_2,test,Cooking,4
upenn_0712_Cooking_3_3,test,Cooking,4
upenn_0712_Cooking_4_2,train,Cooking,4
upenn_0712_Cooking_4_3,train,Cooking,4
upenn_0712_Cooking_5_2,train,Cooking,4
upenn_0712_Cooking_5_3,train,Cooking,4
upenn_0713_Cooking_1_2,test,Cooking,4
upenn_0713_Cooking_1_3,test,Cooking,4
upenn_0713_Cooking_2_2,test,Cooking,4
upenn_0713_Cooking_2_3,test,Cooking,4
upenn_0713_Dance_1_2,train,Dance,1
upenn_0713_Dance_1_3,train,Dance,1
upenn_0713_Dance_1_4,train,Dance,1
upenn_0713_Dance_1_5,train,Dance,1
upenn_0713_Dance_2_2,train,Dance,1
upenn_0713_Dance_2_3,train,Dance,1
upenn_0713_Dance_2_4,train,Dance,1
upenn_0713_Dance_2_5,train,Dance,1
upenn_0713_Dance_3_2,val,Dance,1
upenn_0713_Dance_3_3,val,Dance,1
upenn_0713_Dance_3_4,val,Dance,1
upenn_0713_Dance_3_5,val,Dance,1
upenn_0713_Dance_4_2,val,Dance,1
upenn_0713_Dance_4_3,val,Dance,1
upenn_0713_Dance_4_4,val,Dance,1
upenn_0713_Dance_4_5,val,Dance,1
upenn_0713_Dance_5_2,val,Dance,1
upenn_0713_Dance_5_4,val,Dance,1
upenn_0713_Dance_5_6,val,Dance,1
upenn_0714_Cooking_1_2,train,Cooking,4
upenn_0714_Cooking_1_3,train,Cooking,4
upenn_0714_Cooking_1_4,train,Cooking,4
upenn_0714_Cooking_1_5,train,Cooking,4
upenn_0714_Cooking_2_3,train,Cooking,4
upenn_0714_Cooking_2_4,train,Cooking,4
upenn_0714_Cooking_3_2,train,Cooking,4
upenn_0714_Cooking_3_3,train,Cooking,4
upenn_0714_Cooking_5_2,train,Cooking,4
upenn_0714_Cooking_5_3,train,Cooking,4
upenn_0714_Cooking_6_2,train,Cooking,4
upenn_0714_Cooking_6_3,train,Cooking,4
upenn_0714_Cooking_7_2,train,Cooking,4
upenn_0714_Cooking_7_3,train,Cooking,4
upenn_0715_Dance_1_4,train,Dance,1
upenn_0715_Dance_1_5,train,Dance,1
upenn_0715_Dance_1_6,train,Dance,1
upenn_0715_Dance_1_7,train,Dance,1
upenn_0715_Piano_1_2,test,Music,6
upenn_0715_Piano_1_3,test,Music,6
upenn_0715_Piano_1_4,test,Music,6
upenn_0715_Piano_1_5,test,Music,6
upenn_0717_Piano_1_2,train,Music,6
upenn_0717_Piano_1_3,train,Music,6
upenn_0717_Piano_1_5,train,Music,6
upenn_0717_Piano_2_2,test,Music,6
upenn_0717_Piano_2_3,test,Music,6
upenn_0717_Piano_2_4,test,Music,6
upenn_0717_Piano_2_5,test,Music,6
upenn_0717_Piano_3_2,train,Music,6
upenn_0717_Piano_3_3,train,Music,6
upenn_0717_Piano_3_4,train,Music,6
upenn_0717_Piano_3_5,train,Music,6
upenn_0718_Violin_1_2,train,Music,6
upenn_0718_Violin_1_3,train,Music,6
upenn_0718_Violin_1_4,train,Music,6
upenn_0718_Violin_1_5,train,Music,6
upenn_0718_Violin_2_2,train,Music,6
upenn_0718_Violin_2_5,train,Music,6
upenn_0718_Violin_2_6,train,Music,6
upenn_0718_Violin_2_7,train,Music,6
upenn_0719_Piano_1_2,test,Music,6
upenn_0719_Piano_1_3,test,Music,6
upenn_0719_Piano_1_4,test,Music,6
upenn_0719_Piano_1_5,test,Music,6
upenn_0719_Piano_2_2,train,Music,6
upenn_0719_Piano_2_3,train,Music,6
upenn_0719_Piano_2_4,train,Music,6
upenn_0719_Piano_2_5,train,Music,6
upenn_0720_Dance_1_2,test,Dance,1
upenn_0720_Dance_1_3,test,Dance,1
upenn_0720_Dance_1_4,test,Dance,1
upenn_0720_Dance_1_5,test,Dance,1
upenn_0720_Dance_2_10,test,Dance,1
upenn_0720_Dance_2_2,train,Dance,1
upenn_0720_Dance_2_3,train,Dance,1
upenn_0720_Dance_2_4,train,Dance,1
upenn_0720_Dance_2_5,train,Dance,1
upenn_0720_Dance_2_7,test,Dance,1
upenn_0720_Dance_2_8,test,Dance,1
upenn_0720_Dance_2_9,test,Dance,1
upenn_0720_Dance_3_10,train,Dance,1
upenn_0720_Dance_3_11,train,Dance,1
upenn_0720_Dance_3_13,train,Dance,1
upenn_0720_Dance_3_14,train,Dance,1
upenn_0720_Dance_3_15,train,Dance,1
upenn_0720_Dance_3_16,train,Dance,1
upenn_0720_Dance_3_18,train,Dance,1
upenn_0720_Dance_3_2,train,Dance,1
upenn_0720_Dance_3_3,train,Dance,1
upenn_0720_Dance_3_4,train,Dance,1
upenn_0720_Dance_3_5,train,Dance,1
upenn_0720_Dance_3_7,train,Dance,1
upenn_0720_Dance_3_8,train,Dance,1
upenn_0720_Dance_3_9,train,Dance,1
upenn_0720_Dance_4_2,train,Dance,1
upenn_0720_Dance_4_3,train,Dance,1
upenn_0720_Dance_4_4,train,Dance,1
upenn_0720_Dance_4_5,train,Dance,1
upenn_0720_Piano_1_2,test,Music,6
upenn_0720_Piano_1_3,test,Music,6
upenn_0720_Piano_1_5,test,Music,6
upenn_0720_Piano_1_6,test,Music,6
upenn_0721_Piano_1_2,val,Music,6
upenn_0721_Piano_1_3,val,Music,6
upenn_0721_Piano_1_4,val,Music,6
upenn_0721_Piano_1_5,val,Music,6
upenn_0721_Piano_2_2,train,Music,6
upenn_0721_Piano_2_3,train,Music,6
upenn_0721_Piano_2_5,train,Music,6
upenn_0721_Piano_2_6,train,Music,6
upenn_0722_Guitar_1_2,train,Music,6
upenn_0722_Guitar_1_3,train,Music,6
upenn_0722_Guitar_1_4,train,Music,6
upenn_0722_Guitar_1_5,train,Music,6
upenn_0722_Guitar_2_3,test,Music,6
upenn_0722_Guitar_2_4,test,Music,6
upenn_0722_Guitar_2_5,test,Music,6
upenn_0722_Guitar_2_6,test,Music,6
upenn_0722_Piano_1_2,val,Music,6
upenn_0722_Piano_1_3,val,Music,6
upenn_0722_Piano_1_6,val,Music,6
upenn_0722_Piano_1_7,val,Music,6
upenn_0722_Piano_2_2,train,Music,6
upenn_0722_Piano_2_3,train,Music,6
upenn_0722_Piano_2_4,train,Music,6
upenn_0722_Piano_2_5,train,Music,6
upenn_0722_Violin_1_2,train,Music,6
upenn_0722_Violin_1_3,train,Music,6
upenn_0722_Violin_1_4,train,Music,6
upenn_0722_Violin_1_5,train,Music,6
upenn_0724_Guitar_1_2,val,Music,6
upenn_0724_Guitar_1_3,val,Music,6
upenn_0724_Guitar_1_4,val,Music,6
upenn_0724_Guitar_1_5,val,Music,6
upenn_0724_Piano_1_3,train,Music,6
upenn_0724_Piano_1_4,train,Music,6
upenn_0724_Piano_1_5,train,Music,6
upenn_0725_Duet_Violin_1_1_10,train,Music,6
upenn_0725_Duet_Violin_1_1_11,train,Music,6
upenn_0725_Duet_Violin_1_1_2,train,Music,6
upenn_0725_Duet_Violin_1_1_3,train,Music,6
upenn_0725_Duet_Violin_1_1_4,train,Music,6
upenn_0725_Duet_Violin_1_1_5,train,Music,6
upenn_0725_Duet_Violin_1_1_7,train,Music,6
upenn_0725_Duet_Violin_1_1_8,train,Music,6
upenn_0725_Duet_Violin_1_1_9,train,Music,6
upenn_0725_Duet_Violin_1_2_10,train,Music,6
upenn_0725_Duet_Violin_1_2_11,train,Music,6
upenn_0725_Duet_Violin_1_2_2,train,Music,6
upenn_0725_Duet_Violin_1_2_3,train,Music,6
upenn_0725_Duet_Violin_1_2_4,train,Music,6
upenn_0725_Duet_Violin_1_2_5,train,Music,6
upenn_0725_Duet_Violin_1_2_7,train,Music,6
upenn_0725_Duet_Violin_1_2_8,train,Music,6
upenn_0725_Duet_Violin_1_2_9,train,Music,6
upenn_0725_Violin_1_2,train,Music,6
upenn_0725_Violin_1_3,train,Music,6
upenn_0725_Violin_1_4,train,Music,6
upenn_0725_Violin_1_5,train,Music,6
upenn_0726_Duet_Violin_1_1_2,val,Music,6
upenn_0726_Duet_Violin_1_1_3,val,Music,6
upenn_0726_Duet_Violin_1_1_4,val,Music,6
upenn_0726_Duet_Violin_1_1_5,val,Music,6
upenn_0726_Duet_Violin_1_2_2,train,Music,6
upenn_0726_Duet_Violin_1_2_3,train,Music,6
upenn_0726_Duet_Violin_1_2_4,train,Music,6
upenn_0726_Duet_Violin_1_2_5,train,Music,6
upenn_0726_Piano_1_2,train,Music,6
upenn_0726_Piano_1_3,train,Music,6
upenn_0726_Piano_1_4,train,Music,6
upenn_0726_Piano_1_5,train,Music,6
upenn_0726_Piano_2_2,train,Music,6
upenn_0726_Piano_2_3,train,Music,6
upenn_0726_Piano_2_4,train,Music,6
upenn_0726_Piano_2_5,train,Music,6
upenn_0726_Violin_1_2,val,Music,6
upenn_0726_Violin_1_3,val,Music,6
upenn_0726_Violin_1_4,val,Music,6
upenn_0726_Violin_1_5,val,Music,6
upenn_0727_Dance_1_2,test,Dance,1
upenn_0727_Dance_1_3,test,Dance,1
upenn_0727_Dance_1_4,test,Dance,1
upenn_0727_Dance_1_5,test,Dance,1
upenn_0727_Dance_2_2,test,Dance,1
upenn_0727_Dance_2_4,test,Dance,1
upenn_0727_Partner_Dance_2_1_2,train,Dance,1
upenn_0727_Partner_Dance_2_1_3,train,Dance,1
upenn_0727_Partner_Dance_2_1_4,train,Dance,1
upenn_0727_Partner_Dance_2_1_5,train,Dance,1
upenn_0727_Partner_Dance_2_2_2,val,Dance,1
upenn_0727_Partner_Dance_2_2_3,val,Dance,1
upenn_0727_Partner_Dance_2_2_4,val,Dance,1
upenn_0727_Partner_Dance_2_2_5,val,Dance,1
upenn_0727_Partner_Dance_3_1_2,val,Dance,1
upenn_0727_Partner_Dance_3_1_3,val,Dance,1
upenn_0727_Partner_Dance_3_1_4,val,Dance,1
upenn_0727_Partner_Dance_3_2_2,train,Dance,1
upenn_0727_Partner_Dance_3_2_3,train,Dance,1
upenn_0727_Partner_Dance_3_2_4,train,Dance,1
upenn_0727_Partner_Dance_3_2_6,train,Dance,1
upenn_0727_Partner_Dance_4_1_2,val,Dance,1
upenn_0727_Partner_Dance_4_1_3,val,Dance,1
upenn_0727_Partner_Dance_4_1_4,val,Dance,1
upenn_0727_Partner_Dance_4_1_5,val,Dance,1
upenn_0727_Partner_Dance_4_2_2,train,Dance,1
upenn_0727_Partner_Dance_4_2_3,train,Dance,1
upenn_0727_Partner_Dance_4_2_4,train,Dance,1
upenn_0727_Partner_Dance_4_2_5,train,Dance,1
upenn_0728_Guitar_1_2,train,Music,6
upenn_0728_Guitar_1_3,train,Music,6
upenn_0728_Guitar_1_4,train,Music,6
upenn_0728_Guitar_1_6,train,Music,6
upenn_0728_Violin_1_2,test,Music,6
upenn_0728_Violin_1_3,test,Music,6
upenn_0728_Violin_1_4,test,Music,6
upenn_0728_Violin_1_7,test,Music,6
upenn_0728_Violin_2_2,val,Music,6
upenn_0728_Violin_2_3,val,Music,6
upenn_0728_Violin_2_4,val,Music,6
upenn_0730_Dance_1_3,train,Dance,1
upenn_0730_Dance_1_4,train,Dance,1
upenn_0730_Dance_1_6,train,Dance,1
upenn_0730_Dance_1_7,train,Dance,1
upenn_0730_Dance_2_2,train,Dance,1
upenn_0730_Dance_2_3,train,Dance,1
upenn_0730_Dance_2_4,train,Dance,1
upenn_0730_Dance_2_5,train,Dance,1
upenn_0730_Dance_2_6,train,Dance,1
upenn_0730_Partner_Dance_1_1_2,train,Dance,1
upenn_0730_Partner_Dance_1_1_3,train,Dance,1
upenn_0730_Partner_Dance_1_1_4,train,Dance,1
upenn_0730_Partner_Dance_1_1_5,train,Dance,1
upenn_0730_Partner_Dance_1_1_6,train,Dance,1
upenn_0730_Partner_Dance_1_1_7,train,Dance,1
upenn_0730_Partner_Dance_1_2_2,test,Dance,1
upenn_0730_Partner_Dance_1_2_3,test,Dance,1
upenn_0730_Partner_Dance_1_2_4,test,Dance,1
upenn_0730_Partner_Dance_1_2_5,test,Dance,1
upenn_0730_Partner_Dance_1_2_6,test,Dance,1
upenn_0730_Partner_Dance_1_2_7,test,Dance,1
utokyo_cpr_2005_22_2,test,Health,0
utokyo_cpr_2005_23_2,train,Health,0
utokyo_cpr_2005_24_2,test,Health,0
utokyo_cpr_2005_25_2,train,Health,0
utokyo_cpr_2005_26_2,train,Health,0
utokyo_cpr_2005_27_2,test,Health,0
utokyo_cpr_2005_28_2,train,Health,0
utokyo_cpr_2005_29_2,val,Health,0
utokyo_cpr_2005_30_2,val,Health,0
utokyo_cpr_2005_31_2,train,Health,0
utokyo_cpr_2005_32_4,val,Health,0
utokyo_cpr_2005_33_2,train,Health,0
utokyo_cpr_2005_34_2,train,Health,0
utokyo_cpr_2005_35_2,train,Health,0
utokyo_cpr_2005_36_2,train,Health,0
utokyo_cpr_2005_37_2,train,Health,0
utokyo_cpr_2005_38_2,train,Health,0
utokyo_omelet_11_1001_2,val,Cooking,4
utokyo_omelet_11_1001_4,val,Cooking,4
utokyo_omelet_12_1001_2,train,Cooking,4
utokyo_omelet_12_1001_4,train,Cooking,4
utokyo_omelet_3_1001_2,test,Cooking,4
utokyo_omelet_3_1001_4,test,Cooking,4
utokyo_omelet_4_1001_2,train,Cooking,4
utokyo_omelet_4_1001_4,train,Cooking,4
utokyo_omelet_5_1001_2,test,Cooking,4
utokyo_omelet_5_1001_4,test,Cooking,4
utokyo_omelet_6_1001_2,train,Cooking,4
utokyo_omelet_6_1001_4,train,Cooking,4
utokyo_omelet_9_1001_2,train,Cooking,4
utokyo_omelet_9_1001_4,train,Cooking,4
utokyo_pcr_2001_22_2,test,Health,0
utokyo_pcr_2001_22_4,test,Health,0
utokyo_pcr_2001_22_6,test,Health,0
utokyo_pcr_2001_23_2,train,Health,0
utokyo_pcr_2001_23_4,train,Health,0
utokyo_pcr_2001_23_6,train,Health,0
utokyo_pcr_2001_24_2,test,Health,0
utokyo_pcr_2001_24_4,test,Health,0
utokyo_pcr_2001_24_6,test,Health,0
utokyo_pcr_2001_24_8,test,Health,0
utokyo_pcr_2001_25_2,train,Health,0
utokyo_pcr_2001_25_4,train,Health,0
utokyo_pcr_2001_25_6,train,Health,0
utokyo_pcr_2001_27_2,test,Health,0
utokyo_pcr_2001_27_4,test,Health,0
utokyo_pcr_2001_27_6,test,Health,0
utokyo_pcr_2001_28_2,train,Health,0
utokyo_pcr_2001_28_4,train,Health,0
utokyo_pcr_2001_28_6,train,Health,0
utokyo_pcr_2001_29_2,val,Health,0
utokyo_pcr_2001_29_4,val,Health,0
utokyo_pcr_2001_29_6,val,Health,0
utokyo_pcr_2001_30_2,val,Health,0
utokyo_pcr_2001_30_4,val,Health,0
utokyo_pcr_2001_30_6,val,Health,0
utokyo_pcr_2001_30_8,val,Health,0
utokyo_pcr_2001_31_2,train,Health,0
utokyo_pcr_2001_31_4,train,Health,0
utokyo_pcr_2001_31_6,train,Health,0
utokyo_pcr_2001_31_8,train,Health,0
utokyo_pcr_2001_32_2,val,Health,0
utokyo_pcr_2001_32_4,val,Health,0
utokyo_pcr_2001_32_6,val,Health,0
utokyo_pcr_2001_32_8,val,Health,0
utokyo_pcr_2001_33_2,train,Health,0
utokyo_pcr_2001_33_4,train,Health,0
utokyo_pcr_2001_33_6,train,Health,0
utokyo_pcr_2001_34_2,train,Health,0
utokyo_pcr_2001_34_4,train,Health,0
utokyo_pcr_2001_34_6,train,Health,0
utokyo_pcr_2001_35_2,train,Health,0
utokyo_pcr_2001_35_4,train,Health,0
utokyo_pcr_2001_35_6,train,Health,0
utokyo_pcr_2001_36_2,train,Health,0
utokyo_pcr_2001_36_4,train,Health,0
utokyo_pcr_2001_36_6,train,Health,0
utokyo_pcr_2001_37_2,train,Health,0
utokyo_pcr_2001_37_4,train,Health,0
utokyo_pcr_2001_37_6,train,Health,0
utokyo_pcr_2001_38_2,train,Health,0
utokyo_pcr_2001_38_4,train,Health,0
utokyo_pcr_2001_38_6,train,Health,0
utokyo_pcr_2001_38_8,train,Health,0
utokyo_salad_10_1018_2,test,Cooking,4
utokyo_salad_10_1018_4,test,Cooking,4
utokyo_salad_11_1018_2,val,Cooking,4
utokyo_salad_11_1018_4,val,Cooking,4
utokyo_salad_12_1018_2,train,Cooking,4
utokyo_salad_12_1018_4,train,Cooking,4
utokyo_salad_4_1018_2,train,Cooking,4
utokyo_salad_4_1018_4,train,Cooking,4
utokyo_soccer_8000_17_2,test,Soccer,5
utokyo_soccer_8000_17_4,test,Soccer,5
utokyo_soccer_8000_17_6,test,Soccer,5
utokyo_soccer_8000_43_2,val,Soccer,5
utokyo_soccer_8000_43_4,val,Soccer,5
utokyo_soccer_8000_43_6,val,Soccer,5
utokyo_soccer_8000_44_45_10,val,Soccer,5
utokyo_soccer_8000_44_45_12,val,Soccer,5
utokyo_soccer_8000_44_45_2,test,Soccer,5
utokyo_soccer_8000_44_45_4,test,Soccer,5
utokyo_soccer_8000_44_45_6,test,Soccer,5
utokyo_soccer_8000_44_45_8,val,Soccer,5
utokyo_soccer_8000_46_47_10,train,Soccer,5
utokyo_soccer_8000_46_47_12,train,Soccer,5
utokyo_soccer_8000_46_47_2,train,Soccer,5
utokyo_soccer_8000_46_47_4,train,Soccer,5
utokyo_soccer_8000_46_47_6,train,Soccer,5
utokyo_soccer_8000_46_47_8,train,Soccer,5
utokyo_sushi_10_1008_2,test,Cooking,4
utokyo_sushi_10_1008_4,test,Cooking,4
utokyo_sushi_12_1008_2,train,Cooking,4
utokyo_sushi_12_1008_4,train,Cooking,4
utokyo_sushi_1_1008_2,test,Cooking,4
utokyo_sushi_1_1008_4,test,Cooking,4
utokyo_sushi_4_1008_2,train,Cooking,4
utokyo_sushi_4_1008_4,train,Cooking,4
utokyo_sushi_6_1008_2,train,Cooking,4
utokyo_sushi_6_1008_4,train,Cooking,4
utokyo_sushi_8_1008_2,train,Cooking,4
utokyo_sushi_8_1008_4,train,Cooking,4
utokyo_sushi_9_1008_2,train,Cooking,4
utokyo_sushi_9_1008_4,train,Cooking,4
